age,sex,cp,trestbps,chol,fbs,restecg,thalach,exang,oldpeak,slope,ca,thal,target
52,1,0,125,212,0,1,168,0,1.0,2,2,3,0
53,1,0,140,203,1,0,155,1,3.1,0,0,3,0
70,1,0,145,174,0,1,125,1,2.6,0,0,3,0
61,1,0,148,203,0,1,161,0,0.0,2,1,3,0
62,0,0,138,294,1,1,106,0,1.9,1,3,2,0
58,0,0,100,248,0,0,122,0,1.0,1,0,2,1
58,1,0,114,318,0,2,140,0,4.4,0,3,1,0
55,1,0,160,289,0,0,145,1,0.8,1,1,3,0
46,1,0,120,249,0,0,144,0,0.8,2,0,3,0
54,1,0,122,286,0,0,116,1,3.2,1,2,2,0
71,0,0,112,149,0,1,125,0,1.6,1,0,2,1
43,0,0,132,341,1,0,136,1,3.0,1,0,3,0
34,0,1,118,210,0,1,192,0,0.7,2,0,2,1
51,1,0,140,298,0,1,122,1,4.2,1,3,3,0
52,1,0,128,204,1,1,156,1,1.0,1,0,0,0
51,0,2,140,308,0,0,142,0,1.5,2,1,2,1
54,1,0,124,266,0,0,109,1,2.2,1,1,3,0
50,0,1,120,244,0,1,162,0,1.1,2,0,2,1
58,1,2,140,211,1,0,165,0,0.0,2,0,2,1
60,1,2,140,185,0,0,155,0,3.0,1,0,2,0
67,0,0,106,223,0,1,142,0,0.3,2,2,2,1
45,1,0,104,208,0,0,148,1,3.0,1,0,2,1
63,0,2,135,252,0,0,172,0,0.0,2,0,2,1
42,0,2,120,209,0,1,173,0,0.0,1,0,2,1
61,0,0,145,307,0,0,146,1,1.0,1,0,3,0
44,1,2,130,233,0,1,179,1,0.4,2,0,2,1
58,0,1,136,319,1,0,152,0,0.0,2,2,2,0
56,1,2,130,256,1,0,142,1,0.6,1,1,1,0
55,0,0,180,327,0,2,117,1,3.4,1,0,2,0
44,1,0,120,169,0,1,144,1,2.8,0,0,1,0
57,1,0,130,131,0,1,115,1,1.2,1,1,3,0
70,1,2,160,269,0,1,112,1,2.9,1,1,3,0
50,1,2,129,196,0,1,163,0,0.0,2,0,2,1
46,1,2,150,231,0,1,147,0,3.6,1,0,2,0
51,1,3,125,213,0,0,125,1,1.4,2,1,2,1
59,1,0,138,271,0,0,182,0,0.0,2,0,2,1
64,1,0,128,263,0,1,105,1,0.2,1,1,3,1
57,1,2,128,229,0,0,150,0,0.4,1,1,3,0
65,0,2,160,360,0,0,151,0,0.8,2,0,2,1
54,1,2,120,258,0,0,147,0,0.4,1,0,3,1
61,0,0,130,330,0,0,169,0,0.0,2,0,2,0
55,0,1,132,342,0,1,166,0,1.2,2,0,2,1
42,1,0,140,226,0,1,178,0,0.0,2,0,2,1
41,1,1,135,203,0,1,132,0,0.0,1,0,1,1
66,0,0,178,228,1,1,165,1,1.0,1,2,3,0
66,0,2,146,278,0,0,152,0,0.0,1,1,2,1
60,1,0,117,230,1,1,160,1,1.4,2,2,3,0
58,0,3,150,283,1,0,162,0,1.0,2,0,2,1
57,0,0,140,241,0,1,123,1,0.2,1,0,3,0
38,1,2,138,175,0,1,173,0,0.0,2,4,2,1
49,1,2,120,188,0,1,139,0,2.0,1,3,3,0
55,1,0,140,217,0,1,111,1,5.6,0,0,3,0
56,1,3,120,193,0,0,162,0,1.9,1,0,3,1
48,1,1,130,245,0,0,180,0,0.2,1,0,2,1
67,1,2,152,212,0,0,150,0,0.8,1,0,3,0
57,1,1,154,232,0,0,164,0,0.0,2,1,2,0
29,1,1,130,204,0,0,202,0,0.0,2,0,2,1
67,1,0,100,299,0,0,125,1,0.9,1,2,2,0
59,1,2,150,212,1,1,157,0,1.6,2,0,2,1
59,1,3,170,288,0,0,159,0,0.2,1,0,3,0
53,1,2,130,197,1,0,152,0,1.2,0,0,2,1
42,1,0,136,315,0,1,125,1,1.8,1,0,1,0
37,0,2,120,215,0,1,170,0,0.0,2,0,2,1
62,0,0,160,164,0,0,145,0,6.2,0,3,3,0
59,1,0,170,326,0,0,140,1,3.4,0,0,3,0
61,1,0,140,207,0,0,138,1,1.9,2,1,3,0
56,1,0,125,249,1,0,144,1,1.2,1,1,2,0
59,1,0,140,177,0,1,162,1,0.0,2,1,3,0
48,1,0,130,256,1,0,150,1,0.0,2,2,3,0
47,1,2,138,257,0,0,156,0,0.0,2,0,2,1
48,1,2,124,255,1,1,175,0,0.0,2,2,2,1
63,1,0,140,187,0,0,144,1,4.0,2,2,3,0
52,1,1,134,201,0,1,158,0,0.8,2,1,2,1
50,1,2,140,233,0,1,163,0,0.6,1,1,3,0
49,1,2,118,149,0,0,126,0,0.8,2,3,2,0
44,1,1,120,220,0,1,170,0,0.0,2,0,2,1
59,0,0,174,249,0,1,143,1,0.0,1,0,2,0
62,0,0,140,268,0,0,160,0,3.6,0,2,2,0
68,1,0,144,193,1,1,141,0,3.4,1,2,3,0
54,0,2,108,267,0,0,167,0,0.0,2,0,2,1
62,0,0,124,209,0,1,163,0,0.0,2,0,2,1
62,1,1,128,208,1,0,140,0,0.0,2,0,2,1
45,0,0,138,236,0,0,152,1,0.2,1,0,2,1
57,0,0,128,303,0,0,159,0,0.0,2,1,2,1
53,1,0,123,282,0,1,95,1,2.0,1,2,3,0
65,1,0,110,248,0,0,158,0,0.6,2,2,1,0
76,0,2,140,197,0,2,116,0,1.1,1,0,2,1
43,0,2,122,213,0,1,165,0,0.2,1,0,2,1
57,1,2,150,126,1,1,173,0,0.2,2,1,3,1
54,1,1,108,309,0,1,156,0,0.0,2,0,3,1
52,1,3,118,186,0,0,190,0,0.0,1,0,1,1
47,1,0,110,275,0,0,118,1,1.0,1,1,2,0
51,1,0,140,299,0,1,173,1,1.6,2,0,3,0
62,1,1,120,281,0,0,103,0,1.4,1,1,3,0
40,1,0,152,223,0,1,181,0,0.0,2,0,3,0
54,1,0,110,206,0,0,108,1,0.0,1,1,2,0
44,1,0,110,197,0,0,177,0,0.0,2,1,2,0
53,1,0,142,226,0,0,111,1,0.0,2,0,3,1
57,1,0,110,335,0,1,143,1,3.0,1,1,3,0
59,1,2,126,218,1,1,134,0,2.2,1,1,1,0
63,1,0,130,254,0,0,147,0,1.4,1,1,3,0
43,1,0,120,177,0,0,120,1,2.5,1,0,3,0
42,1,1,120,295,0,1,162,0,0.0,2,0,2,1
60,1,0,145,282,0,0,142,1,2.8,1,2,3,0
65,0,2,140,417,1,0,157,0,0.8,2,1,2,1
61,1,0,120,260,0,1,140,1,3.6,1,1,3,0
60,0,3,150,240,0,1,171,0,0.9,2,0,2,1
66,1,0,120,302,0,0,151,0,0.4,1,0,2,1
52,1,2,138,223,0,1,169,0,0.0,2,4,2,1
57,1,0,140,192,0,1,148,0,0.4,1,0,1,1
51,0,2,130,256,0,0,149,0,0.5,2,0,2,1
58,0,0,170,225,1,0,146,1,2.8,1,2,1,0
64,0,0,180,325,0,1,154,1,0.0,2,0,2,1
41,1,1,110,235,0,1,153,0,0.0,2,0,2,1
57,1,0,152,274,0,1,88,1,1.2,1,1,3,0
63,0,0,124,197,0,1,136,1,0.0,1,0,2,0
61,1,3,134,234,0,1,145,0,2.6,1,2,2,0
34,1,3,118,182,0,0,174,0,0.0,2,0,2,1
47,1,0,112,204,0,1,143,0,0.1,2,0,2,1
40,1,0,110,167,0,0,114,1,2.0,1,0,3,0
51,0,2,120,295,0,0,157,0,0.6,2,0,2,1
41,1,0,110,172,0,0,158,0,0.0,2,0,3,0
52,1,3,152,298,1,1,178,0,1.2,1,0,3,1
39,1,2,140,321,0,0,182,0,0.0,2,0,2,1
54,1,1,192,283,0,0,195,0,0.0,2,1,3,0
58,1,0,125,300,0,0,171,0,0.0,2,2,3,0
63,1,0,130,330,1,0,132,1,1.8,2,3,3,0
40,1,3,140,199,0,1,178,1,1.4,2,0,3,1
67,0,2,115,564,0,0,160,0,1.6,1,0,3,1
41,1,1,120,157,0,1,182,0,0.0,2,0,2,1
77,1,0,125,304,0,0,162,1,0.0,2,3,2,0
51,1,2,100,222,0,1,143,1,1.2,1,0,2,1
48,1,0,124,274,0,0,166,0,0.5,1,0,3,0
56,1,0,132,184,0,0,105,1,2.1,1,1,1,0
57,0,0,120,354,0,1,163,1,0.6,2,0,2,1
43,1,2,130,315,0,1,162,0,1.9,2,1,2,1
45,0,1,112,160,0,1,138,0,0.0,1,0,2,1
43,1,0,150,247,0,1,171,0,1.5,2,0,2,1
56,1,0,130,283,1,0,103,1,1.6,0,0,3,0
56,1,1,120,240,0,1,169,0,0.0,0,0,2,1
39,0,2,94,199,0,1,179,0,0.0,2,0,2,1
54,1,0,110,239,0,1,126,1,2.8,1,1,3,0
56,0,0,200,288,1,0,133,1,4.0,0,2,3,0
64,1,0,120,246,0,0,96,1,2.2,0,1,2,0
56,0,0,134,409,0,0,150,1,1.9,1,2,3,0
64,1,3,110,211,0,0,144,1,1.8,1,0,2,1
60,1,0,140,293,0,0,170,0,1.2,1,2,3,0
42,1,2,130,180,0,1,150,0,0.0,2,0,2,1
45,1,1,128,308,0,0,170,0,0.0,2,0,2,1
57,1,0,165,289,1,0,124,0,1.0,1,3,3,0
64,1,2,125,309,0,1,131,1,1.8,1,0,3,0
41,1,2,112,250,0,1,179,0,0.0,2,0,2,1
56,1,1,130,221,0,0,163,0,0.0,2,0,3,1
69,1,3,160,234,1,0,131,0,0.1,1,1,2,1
67,1,0,160,286,0,0,108,1,1.5,1,3,2,0
58,1,0,100,234,0,1,156,0,0.1,2,1,3,0
45,1,0,115,260,0,0,185,0,0.0,2,0,2,1
60,0,2,102,318,0,1,160,0,0.0,2,1,2,1
50,1,0,144,200,0,0,126,1,0.9,1,0,3,0
64,1,3,170,227,0,0,155,0,0.6,1,0,3,1
42,1,3,148,244,0,0,178,0,0.8,2,2,2,1
42,1,2,120,240,1,1,194,0,0.8,0,0,3,1
50,1,0,150,243,0,0,128,0,2.6,1,0,3,0
49,1,1,130,266,0,1,171,0,0.6,2,0,2,1
65,1,0,135,254,0,0,127,0,2.8,1,1,3,0
46,1,0,140,311,0,1,120,1,1.8,1,2,3,0
57,0,1,130,236,0,0,174,0,0.0,1,1,2,0
51,1,0,140,261,0,0,186,1,0.0,2,0,2,1
54,1,2,150,232,0,0,165,0,1.6,2,0,3,1
44,0,2,118,242,0,1,149,0,0.3,1,1,2,1
52,1,1,128,205,1,1,184,0,0.0,2,0,2,1
56,1,1,120,236,0,1,178,0,0.8,2,0,2,1
60,1,0,125,258,0,0,141,1,2.8,1,1,3,0
41,0,1,126,306,0,1,163,0,0.0,2,0,2,1
49,0,0,130,269,0,1,163,0,0.0,2,0,2,1
57,1,1,124,261,0,1,141,0,0.3,2,0,3,0
62,0,0,150,244,0,1,154,1,1.4,1,0,2,0
54,0,1,132,288,1,0,159,1,0.0,2,1,2,1
51,1,2,125,245,1,0,166,0,2.4,1,0,2,1
44,1,1,130,219,0,0,188,0,0.0,2,0,2,1
39,0,2,138,220,0,1,152,0,0.0,1,0,2,1
55,1,0,132,353,0,1,132,1,1.2,1,1,3,0
35,1,0,120,198,0,1,130,1,1.6,1,0,3,0
62,0,0,140,394,0,0,157,0,1.2,1,0,2,1
35,0,0,138,183,0,1,182,0,1.4,2,0,2,1
38,1,3,120,231,0,1,182,1,3.8,1,0,3,0
44,1,2,120,226,0,1,169,0,0.0,2,0,2,1
48,1,0,122,222,0,0,186,0,0.0,2,0,2,1
67,1,0,120,237,0,1,71,0,1.0,1,0,2,0
58,1,2,132,224,0,0,173,0,3.2,2,2,3,0
71,0,2,110,265,1,0,130,0,0.0,2,1,2,1
43,1,0,110,211,0,1,161,0,0.0,2,0,3,1
44,1,1,120,263,0,1,173,0,0.0,2,0,3,1
66,1,0,160,228,0,0,138,0,2.3,2,0,1,1
57,1,0,132,207,0,1,168,1,0.0,2,0,3,1
41,0,1,105,198,0,1,168,0,0.0,2,1,2,1
45,0,1,130,234,0,0,175,0,0.6,1,0,2,1
35,1,1,122,192,0,1,174,0,0.0,2,0,2,1
41,0,1,130,204,0,0,172,0,1.4,2,0,2,1
64,0,2,140,313,0,1,133,0,0.2,2,0,3,1
71,0,1,160,302,0,1,162,0,0.4,2,2,2,1
58,0,2,120,340,0,1,172,0,0.0,2,0,2,1
58,1,0,128,259,0,0,130,1,3.0,1,2,3,0
61,1,2,150,243,1,1,137,1,1.0,1,0,2,1
58,1,0,150,270,0,0,111,1,0.8,2,0,3,0
52,1,1,120,325,0,1,172,0,0.2,2,0,2,1
46,0,1,105,204,0,1,172,0,0.0,2,0,2,1
51,1,2,94,227,0,1,154,1,0.0,2,1,3,1
52,0,2,136,196,0,0,169,0,0.1,1,0,2,1
62,1,0,120,267,0,1,99,1,1.8,1,2,3,0
56,0,1,140,294,0,0,153,0,1.3,1,0,2,1
74,0,1,120,269,0,0,121,1,0.2,2,1,2,1
53,0,2,128,216,0,0,115,0,0.0,2,0,0,1
53,0,0,130,264,0,0,143,0,0.4,1,0,2,1
48,0,2,130,275,0,1,139,0,0.2,2,0,2,1
45,1,0,142,309,0,0,147,1,0.0,1,3,3,0
66,1,1,160,246,0,1,120,1,0.0,1,3,1,0
57,1,0,150,276,0,0,112,1,0.6,1,1,1,0
70,1,0,130,322,0,0,109,0,2.4,1,3,2,0
63,0,0,108,269,0,1,169,1,1.8,1,2,2,0
37,1,2,130,250,0,1,187,0,3.5,0,0,2,1
54,0,2,110,214,0,1,158,0,1.6,1,0,2,1
60,1,0,130,206,0,0,132,1,2.4,1,2,3,0
54,1,2,125,273,0,0,152,0,0.5,0,1,2,1
60,1,0,130,253,0,1,144,1,1.4,2,1,3,0
65,0,2,155,269,0,1,148,0,0.8,2,0,2,1
52,1,2,172,199,1,1,162,0,0.5,2,0,3,1
43,1,0,132,247,1,0,143,1,0.1,1,4,3,0
62,0,2,130,263,0,1,97,0,1.2,1,1,3,0
57,1,0,110,201,0,1,126,1,1.5,1,0,1,1
46,0,0,138,243,0,0,152,1,0.0,1,0,2,1
59,1,0,164,176,1,0,90,0,1.0,1,2,1,0
59,1,3,134,204,0,1,162,0,0.8,2,2,2,0
62,1,2,130,231,0,1,146,0,1.8,1,3,3,1
53,1,2,130,246,1,0,173,0,0.0,2,3,2,1
58,1,2,112,230,0,0,165,0,2.5,1,1,3,0
48,1,1,110,229,0,1,168,0,1.0,0,0,3,0
58,1,2,105,240,0,0,154,1,0.6,1,0,3,1
51,1,2,110,175,0,1,123,0,0.6,2,0,2,1
58,1,1,120,284,0,0,160,0,1.8,1,0,2,0
46,0,2,142,177,0,0,160,1,1.4,0,0,2,1
59,1,1,140,221,0,1,164,1,0.0,2,0,2,1
64,0,0,130,303,0,1,122,0,2.0,1,2,2,1
58,1,0,146,218,0,1,105,0,2.0,1,1,3,0
59,1,0,110,239,0,0,142,1,1.2,1,1,3,0
35,1,0,126,282,0,0,156,1,0.0,2,0,3,0
63,1,3,145,233,1,0,150,0,2.3,0,0,1,1
45,1,3,110,264,0,1,132,0,1.2,1,0,3,0
68,1,2,180,274,1,0,150,1,1.6,1,0,3,0
70,1,1,156,245,0,0,143,0,0.0,2,0,2,1
42,0,0,102,265,0,0,122,0,0.6,1,0,2,1
51,0,0,130,305,0,1,142,1,1.2,1,0,3,0
54,0,2,160,201,0,1,163,0,0.0,2,1,2,1
57,1,2,150,168,0,1,174,0,1.6,2,0,2,1
47,1,2,108,243,0,1,152,0,0.0,2,0,2,0
65,0,0,150,225,0,0,114,0,1.0,1,3,3,0
41,0,2,112,268,0,0,172,1,0.0,2,0,2,1
67,1,0,120,229,0,0,129,1,2.6,1,2,3,0
47,1,2,130,253,0,1,179,0,0.0,2,0,2,1
52,1,0,112,230,0,1,160,0,0.0,2,1,2,0
63,0,0,150,407,0,0,154,0,4.0,1,3,3,0
49,0,1,134,271,0,1,162,0,0.0,1,0,2,1
69,1,2,140,254,0,0,146,0,2.0,1,3,3,0
58,0,0,130,197,0,1,131,0,0.6,1,0,2,1
41,1,2,130,214,0,0,168,0,2.0,1,0,2,1
58,1,0,128,216,0,0,131,1,2.2,1,3,3,0
59,1,0,135,234,0,1,161,0,0.5,1,0,3,1
54,1,0,140,239,0,1,160,0,1.2,2,0,2,1
44,1,0,112,290,0,0,153,0,0.0,2,1,2,0
58,1,1,125,220,0,1,144,0,0.4,1,4,3,1
67,0,2,152,277,0,1,172,0,0.0,2,1,2,1
59,1,3,178,270,0,0,145,0,4.2,0,0,3,1
60,0,0,150,258,0,0,157,0,2.6,1,2,3,0
53,0,0,138,234,0,0,160,0,0.0,2,0,2,1
50,0,2,120,219,0,1,158,0,1.6,1,0,2,1
44,1,2,140,235,0,0,180,0,0.0,2,0,2,1
68,1,2,118,277,0,1,151,0,1.0,2,1,3,1
67,1,0,125,254,1,1,163,0,0.2,1,2,3,0
50,0,0,110,254,0,0,159,0,0.0,2,0,2,1
54,0,2,135,304,1,1,170,0,0.0,2,0,2,1
46,1,1,101,197,1,1,156,0,0.0,2,0,3,1
55,1,1,130,262,0,1,155,0,0.0,2,0,2,1
64,1,0,145,212,0,0,132,0,2.0,1,2,1,0
63,0,1,140,195,0,1,179,0,0.0,2,2,2,1
66,1,0,112,212,0,0,132,1,0.1,2,1,2,0
55,0,0,128,205,0,2,130,1,2.0,1,1,3,0
43,1,0,115,303,0,1,181,0,1.2,1,0,2,1
69,0,3,140,239,0,1,151,0,1.8,2,2,2,1
65,1,3,138,282,1,0,174,0,1.4,1,1,2,0
61,1,0,138,166,0,0,125,1,3.6,1,1,2,0
65,1,0,120,177,0,1,140,0,0.4,2,0,3,1
66,0,3,150,226,0,1,114,0,2.6,0,0,2,1
55,0,1,135,250,0,0,161,0,1.4,1,0,2,1
39,1,0,118,219,0,1,140,0,1.2,1,0,3,0
60,0,2,120,178,1,1,96,0,0.0,2,0,2,1
52,1,0,108,233,1,1,147,0,0.1,2,3,3,1
64,1,2,140,335,0,1,158,0,0.0,2,0,2,0
68,0,2,120,211,0,0,115,0,1.5,1,0,2,1
44,0,2,108,141,0,1,175,0,0.6,1,0,2,1
52,1,0,128,255,0,1,161,1,0.0,2,1,3,0
59,1,3,160,273,0,0,125,0,0.0,2,0,2,0
54,1,0,120,188,0,1,113,0,1.4,1,1,3,0
46,1,2,155,233,0,1,150,0,3.4,1,0,2,0
43,0,2,113,255,0,1,150,0,0.4,1,1,2,1
39,1,2,134,181,0,1,146,1,0.1,2,0,2,1
60,1,0,147,192,0,1,165,0,0.3,2,1,3,0
45,0,2,146,170,0,0,167,1,1.1,0,0,2,1
70,1,0,146,197,0,1,126,1,2.9,0,0,3,0
51,0,0,131,321,0,1,149,1,0.6,1,0,3,0
61,1,0,135,149,0,1,117,1,1.7,1,1,1,0
41,1,1,133,203,0,0,187,0,0.3,2,0,2,1
64,1,3,146,258,1,0,157,0,2.4,0,0,1,1
41,1,3,137,201,0,1,176,1,1.5,2,0,3,1
57,1,3,121,205,0,0,163,0,1.5,1,0,3,1
42,1,0,129,316,0,1,119,1,2.6,1,0,1,0
50,1,0,106,258,0,0,113,1,0.9,1,1,2,0
60,1,0,132,207,0,0,133,1,1.8,2,1,3,0
36,1,3,116,225,0,1,185,1,3.8,1,0,3,0
53,1,1,122,233,1,1,177,0,0.2,2,0,2,1
57,1,3,172,292,0,0,157,0,0.2,1,0,3,0
47,0,2,119,264,0,1,139,0,0.7,1,1,2,1
42,1,0,166,247,0,1,176,0,1.9,2,0,2,1
64,1,3,146,229,0,1,144,0,2.1,1,2,2,0
56,1,1,115,234,0,1,169,0,0.1,0,0,2,1
64,1,0,123,224,0,1,80,0,1.7,1,0,2,0
43,1,0,116,165,0,0,152,1,2.5,0,0,1,0
70,1,0,130,299,0,0,147,0,0.3,1,0,2,1
63,1,3,131,227,0,1,145,0,2.6,1,2,2,0
66,1,0,115,264,0,1,81,0,1.3,1,0,3,0
42,0,2,123,221,0,1,160,0,0.2,1,0,2,1
69,1,2,111,285,0,1,150,0,0.8,2,1,3,1
66,1,2,123,261,0,1,159,0,1.4,2,1,3,1
61,1,1,147,233,0,1,165,1,0.0,2,0,2,1
53,1,0,107,204,0,1,161,0,0.0,2,1,2,0
50,0,2,128,252,0,0,154,0,0.3,2,0,2,1
40,1,0,122,198,0,1,128,1,1.7,1,0,3,0
56,1,0,139,261,0,0,176,0,0.5,2,0,2,1
42,1,0,145,217,0,1,185,0,0.0,0,0,2,1
53,0,2,163,207,0,1,169,0,0.4,2,1,2,1
66,0,2,162,378,0,0,166,0,0.9,2,0,2,1
57,1,2,150,133,1,1,161,0,0.9,2,1,3,1
71,1,1,164,236,0,0,143,0,0.0,2,0,2,1
47,1,2,94,241,0,1,162,1,0.4,2,1,3,1
49,1,1,108,152,0,1,138,0,0.0,1,0,2,1
54,1,0,120,259,0,0,114,1,2.3,1,1,3,0
77,1,2,142,185,0,0,119,0,0.9,1,0,2,1
30,1,1,134,191,0,0,193,0,0.0,2,0,2,1
36,1,2,138,230,0,1,186,0,3.3,0,0,2,1
67,0,0,148,224,0,0,120,0,1.4,1,3,3,0
55,1,1,125,195,0,0,171,0,0.1,2,0,3,1
52,1,1,108,337,0,1,151,0,0.1,2,0,3,1
57,1,0,134,186,0,1,158,1,0.0,2,1,3,0
64,1,3,140,236,1,0,147,0,2.0,0,0,1,1
52,1,0,128,316,0,0,109,1,3.0,1,2,2,0
52,1,2,122,167,0,1,127,0,2.5,1,3,3,0
68,0,2,130,276,0,1,88,0,0.4,1,1,3,0
54,1,0,173,312,0,0,151,1,3.6,0,0,3,0
43,1,0,109,215,0,1,157,0,0.5,2,0,3,1
51,1,0,122,235,0,1,148,1,0.0,2,1,3,0
42,1,0,149,240,0,1,183,0,0.0,2,0,3,0
54,1,0,134,202,1,0,160,1,3.0,0,0,3,0
60,0,0,138,329,0,0,168,0,0.0,2,0,2,0
57,1,1,154,235,0,0,178,1,0.9,2,1,2,0
41,1,3,160,242,0,0,177,0,0.8,2,2,2,1
68,0,1,152,283,0,1,177,0,0.0,2,1,2,1
58,1,0,154,271,0,0,111,1,0.7,2,1,1,0
54,1,0,126,294,1,0,110,1,1.3,0,0,3,0
30,1,1,116,197,0,1,177,0,0.1,2,0,2,1
56,1,0,136,221,0,0,138,1,2.7,1,2,3,0
61,0,0,188,313,0,1,151,0,0.2,2,0,2,1
55,0,1,137,250,0,1,153,0,0.6,1,0,2,1
68,0,0,186,213,1,1,147,1,0.9,1,2,3,0
40,1,2,121,156,0,1,154,0,0.0,2,0,2,1
52,1,0,102,233,0,1,129,1,2.8,1,1,3,0
66,1,0,158,311,0,0,107,1,1.4,1,3,2,0
43,1,2,120,220,0,1,172,0,0.0,2,0,2,1
62,0,1,133,261,0,0,175,0,0.0,2,1,2,0
69,1,2,145,255,0,0,158,0,2.0,1,3,3,0
45,1,1,124,141,0,1,176,0,0.0,2,0,2,1
60,1,0,123,278,0,0,154,0,0.0,2,2,3,0
68,0,2,140,273,0,1,176,0,0.5,2,2,2,1
65,0,2,162,283,0,1,159,0,1.4,2,0,2,1
64,1,0,99,210,0,0,163,0,0.7,2,2,1,0
55,1,2,117,334,0,1,183,0,0.2,2,0,2,1
40,1,0,145,244,0,0,185,0,0.0,2,0,3,0
46,1,2,119,225,0,0,183,0,0.3,2,0,2,1
58,1,0,139,197,0,1,150,0,0.1,1,0,1,1
46,1,2,119,172,0,0,131,0,1.0,2,3,2,0
68,0,2,141,343,0,1,168,0,0.4,2,0,2,0
52,0,0,128,312,0,1,144,1,1.3,1,0,3,0
61,0,0,116,270,0,1,165,1,1.8,1,2,2,0
52,0,2,144,276,0,0,133,0,0.5,2,0,2,1
49,1,0,142,295,0,1,123,1,1.9,1,2,3,0
63,0,2,127,249,0,1,103,0,1.5,1,1,3,0
61,1,0,127,210,0,0,141,1,2.4,1,2,3,0
60,1,2,127,234,0,1,157,0,1.2,1,0,3,1
54,1,3,175,271,0,0,141,0,3.9,0,0,3,1
66,1,0,157,279,0,0,105,1,1.2,1,3,2,0
62,1,0,123,246,0,1,101,1,2.3,1,2,3,0
77,0,2,139,202,0,2,124,0,1.0,1,0,2,1
44,1,0,118,242,0,0,178,1,0.6,2,3,2,1
63,0,0,142,371,0,0,154,0,1.5,1,0,2,1
57,1,3,126,185,0,0,163,0,1.9,1,0,3,1
59,1,2,145,140,1,1,180,0,0.6,2,1,3,1
51,1,0,138,251,0,0,127,0,2.4,1,0,3,0
45,0,2,139,251,0,0,149,1,0.0,1,0,2,1
41,1,2,121,208,0,1,154,0,0.3,1,0,2,1
48,1,2,125,167,0,0,125,0,0.6,2,3,2,0
63,1,0,135,197,0,1,143,1,4.0,2,2,3,0
55,1,1,132,220,1,1,178,0,0.8,2,0,2,1
46,1,2,115,137,0,0,115,0,1.0,0,3,2,0
45,1,0,118,166,0,1,144,1,2.9,0,0,3,0
64,0,2,102,327,0,1,152,0,0.7,2,1,2,1
61,1,0,139,289,0,0,171,0,1.1,1,2,3,0
46,1,0,143,270,0,1,119,1,1.9,1,1,3,0
58,0,0,129,351,0,0,164,0,0.0,2,0,2,0
43,1,2,131,323,0,1,165,0,1.8,2,1,2,1
42,1,2,103,229,0,1,151,0,0.7,2,0,2,1
56,1,0,127,254,0,1,158,1,0.1,1,1,3,0
38,1,0,118,213,0,1,137,0,1.1,1,0,3,0
44,1,2,145,240,0,1,152,0,3.6,1,0,2,0
70,1,2,153,219,0,0,160,0,0.4,1,0,3,0
50,0,0,107,252,0,0,164,0,0.0,2,0,2,1
70,1,0,147,200,0,1,143,0,3.6,1,2,3,0
45,1,1,124,280,0,1,189,0,0.0,2,0,3,1
52,0,2,133,299,1,1,179,0,0.3,2,0,2,1
41,1,2,90,212,0,1,174,0,-0.0,2,0,2,1
75,0,2,140,205,0,2,105,0,1.0,1,0,2,1
45,1,0,132,278,1,0,155,1,0.0,1,4,3,0
67,1,1,165,231,0,1,127,1,0.0,1,3,1,0
64,1,0,137,242,0,0,138,1,2.1,1,2,3,0
51,1,0,112,216,0,1,174,0,0.0,2,1,2,0
57,0,0,189,321,0,2,105,1,3.7,1,0,2,0
38,1,2,130,296,0,0,183,0,0.0,2,0,2,1
53,0,0,125,285,0,0,145,0,1.4,1,0,2,1
52,1,2,125,281,0,0,156,0,0.4,0,1,2,1
42,0,2,110,125,0,1,181,0,0.6,1,0,2,1
66,0,2,133,227,0,1,150,0,2.2,2,2,2,1
43,1,2,122,234,1,1,183,0,1.1,0,0,3,1
59,1,3,166,317,0,0,152,0,0.1,1,0,3,0
67,1,0,98,306,0,0,117,1,0.6,1,2,2,0
58,0,2,117,334,0,1,159,0,0.8,2,0,2,1
68,1,0,157,310,0,0,102,1,1.6,1,3,2,0
55,1,0,116,259,0,1,125,1,2.7,1,1,3,0
56,1,1,114,238,0,1,172,0,0.6,0,0,2,1
58,1,0,135,214,0,0,124,1,2.3,1,2,3,0
59,1,0,130,304,0,0,128,1,1.7,2,3,3,0
68,1,0,121,221,0,0,130,1,2.7,1,2,3,0
44,1,0,139,253,1,0,141,1,0.2,1,4,3,0
41,0,0,133,359,1,0,132,1,3.3,1,0,3,0
72,1,0,125,314,0,0,107,0,2.4,1,3,2,0
43,1,1,117,208,0,1,151,0,0.0,2,0,2,1
67,0,0,177,235,1,1,167,1,1.0,1,2,3,0
59,0,0,153,220,0,0,110,0,0.6,1,3,3,0
46,1,0,140,296,0,1,112,1,2.1,1,2,3,0
55,1,0,115,245,0,1,175,0,0.3,2,0,2,1
57,1,0,136,302,0,1,172,0,0.9,1,2,3,0
38,1,2,135,308,0,0,181,0,0.0,2,0,2,1
58,0,0,129,297,0,0,163,0,0.1,2,1,2,1
61,1,1,139,202,0,1,166,1,-0.0,2,0,2,1
72,1,2,167,265,0,1,113,1,3.3,1,1,3,0
47,1,2,109,181,0,1,124,0,1.2,2,0,2,1
55,1,2,128,246,1,0,147,0,0.5,1,0,3,1
66,1,0,124,237,1,1,177,0,-0.0,1,2,3,0
40,1,2,143,296,0,0,184,0,0.8,2,0,2,1
47,1,2,156,244,0,1,142,0,4.0,1,0,2,0
61,0,3,152,294,1,0,176,0,1.1,2,0,2,1
40,1,1,117,228,0,1,176,0,0.4,2,0,2,1
50,1,2,114,125,0,0,126,0,1.2,2,3,2,0
50,0,1,117,264,0,1,154,0,1.4,2,0,2,1
69,1,0,150,211,1,1,134,0,3.4,1,2,3,0
53,1,2,112,182,0,1,136,0,2.2,2,3,3,0
51,0,2,117,236,1,1,163,0,2.0,1,0,2,1
56,1,2,128,244,1,0,137,1,0.6,1,1,1,0
49,1,0,127,255,1,0,156,1,0.0,2,2,3,0
29,1,2,123,196,0,0,203,0,0.3,2,0,2,1
59,0,0,176,244,0,0,136,1,0.0,1,0,2,0
43,1,1,118,208,0,1,179,0,0.0,2,0,2,1
35,1,2,145,318,0,0,181,0,0.0,2,0,2,1
48,1,1,125,217,0,1,168,0,0.4,2,0,2,1
35,1,0,122,206,0,1,142,1,2.2,1,0,3,0
69,1,2,141,263,0,0,151,0,1.9,1,3,3,0
58,1,0,155,170,1,0,96,0,1.7,1,0,1,0
44,1,0,105,216,1,0,174,0,0.0,2,1,2,0
44,1,2,117,247,1,1,194,0,1.0,0,0,3,1
44,1,0,143,241,0,1,161,0,0.6,2,0,2,1
48,1,0,138,296,0,1,178,1,1.6,2,0,3,0
64,0,0,136,390,0,0,150,0,1.5,1,0,2,1
62,0,0,122,203,0,1,136,1,-0.0,1,0,2,0
64,0,1,123,207,0,1,159,0,0.0,2,0,2,1
67,1,0,146,200,1,1,139,0,3.2,1,2,3,0
45,1,3,137,296,0,0,177,0,0.0,1,0,2,1
61,0,2,130,268,0,1,107,0,1.2,1,1,2,0
40,1,0,100,167,0,0,104,1,1.7,1,0,3,0
74,0,0,122,135,0,1,127,0,1.8,1,0,2,1
68,0,2,144,289,0,0,145,0,0.0,1,1,2,1
50,1,0,139,287,0,1,113,1,4.3,1,3,3,0
57,1,0,110,244,0,1,111,1,3.0,1,1,3,0
57,1,0,143,224,0,1,105,1,5.9,0,0,3,0
39,0,1,121,210,0,1,185,0,1.4,2,0,2,1
52,0,1,131,284,0,1,162,0,0.2,1,0,2,1
68,0,2,143,300,0,1,136,0,0.2,2,0,3,1
41,1,0,150,250,0,0,171,0,2.5,2,0,2,1
39,1,0,108,167,0,0,157,0,0.1,2,0,3,0
57,0,1,133,251,0,0,161,0,1.9,1,0,2,1
74,0,2,108,261,1,0,138,0,0.0,2,1,2,1
56,1,2,149,315,0,1,175,0,0.0,2,0,2,0
47,1,0,102,270,0,0,127,1,0.9,1,1,2,0
62,1,3,166,265,0,0,122,0,0.0,2,0,2,0
70,1,0,115,237,0,0,121,1,2.7,1,2,3,0
60,1,3,171,282,0,0,158,0,0.7,1,0,3,0
62,1,0,153,298,0,0,153,1,1.2,1,0,3,0
59,1,0,127,217,0,1,175,1,-0.0,2,0,3,1
55,1,0,120,249,1,0,147,1,1.3,1,2,2,0
75,0,2,137,196,0,2,127,0,1.2,1,0,2,1
68,1,2,113,274,0,0,155,0,1.1,2,1,3,1
63,1,1,131,200,1,0,142,0,0.3,2,0,2,1
53,1,1,135,213,0,1,158,0,1.1,2,1,2,1
49,1,2,99,205,0,1,132,1,1.4,1,0,2,1
54,0,1,141,294,0,0,147,0,1.6,1,0,2,1
65,0,2,174,384,0,0,155,0,0.3,2,0,2,1
67,0,0,106,226,0,1,148,0,0.3,1,0,2,1
54,0,1,140,289,0,1,169,0,0.1,1,0,2,1
59,1,0,151,267,0,0,102,1,0.9,2,0,3,0
57,0,2,129,314,1,1,166,0,0.6,2,0,2,1
43,1,0,112,292,0,1,177,0,2.5,1,0,2,1
53,1,2,136,243,0,0,177,1,0.1,2,0,2,1
47,1,2,120,246,1,1,182,0,0.0,2,2,2,1
35,1,2,141,310,0,1,181,0,0.2,2,0,2,1
47,1,2,131,252,0,1,177,0,-0.0,2,0,2,1
57,1,0,122,298,0,1,95,1,2.1,1,2,3,0
59,0,0,150,271,0,0,174,0,2.8,1,1,3,0
60,0,1,132,232,0,0,176,0,0.2,2,1,3,0
40,1,2,114,237,0,1,181,0,0.0,2,0,2,1
54,0,1,135,245,1,0,157,0,1.1,1,0,2,1
66,0,3,150,236,0,1,105,0,3.1,0,0,2,1
63,1,0,117,273,0,1,98,1,2.2,1,2,3,0
58,1,0,165,334,0,0,150,1,3.3,0,0,3,0
44,0,1,122,298,0,1,163,0,0.0,2,0,2,1
66,1,0,168,270,0,0,97,1,1.6,1,0,2,0
60,1,3,151,280,0,0,123,0,0.5,2,0,2,0
43,1,3,103,249,0,1,173,0,0.6,2,0,2,1
60,0,2,112,350,0,1,166,0,0.3,2,0,2,1
60,1,0,176,331,0,0,127,1,3.7,0,0,3,0
54,0,1,127,279,1,1,150,1,0.3,2,1,2,1
44,1,3,143,240,0,0,176,0,1.3,2,2,2,1
40,0,1,128,201,0,0,173,0,2.3,2,0,2,1
53,0,2,108,281,0,0,173,0,0.0,1,0,2,1
63,1,0,128,259,0,0,148,0,1.6,1,1,3,0
39,0,1,118,308,0,1,162,0,0.0,2,0,2,1
59,1,0,138,269,0,0,177,0,0.0,2,0,2,1
48,1,1,118,206,0,1,164,0,0.0,2,0,2,1
57,1,2,152,221,1,1,156,0,2.3,2,0,2,1
67,1,0,126,302,0,0,141,0,0.2,1,0,2,1
48,1,2,110,253,0,1,161,0,0.4,2,0,2,0
65,0,0,135,341,1,0,121,1,2.2,1,3,3,0
51,1,2,129,222,0,1,167,0,0.7,2,2,3,0
58,1,1,117,261,0,1,148,0,0.7,2,0,3,0
58,1,0,128,287,0,0,116,1,3.1,1,2,2,0
63,0,0,142,275,1,1,93,0,2.3,1,3,2,0
65,0,0,123,205,0,1,139,0,0.0,1,0,2,0
29,1,0,112,202,0,1,129,1,1.3,1,0,3,0
70,0,2,143,293,0,0,146,0,0.3,1,1,2,1
62,1,0,150,218,0,0,132,0,1.8,1,2,1,0
65,1,0,133,338,1,0,126,1,2.2,2,3,3,0
67,1,0,164,275,0,0,98,1,1.8,1,3,2,0
67,0,2,109,274,1,0,127,0,0.3,2,1,2,1
53,1,3,121,199,0,0,160,0,2.1,1,0,3,1
63,0,2,137,398,0,0,156,0,1.0,2,1,2,1
56,1,2,114,236,0,1,158,0,2.3,1,1,3,0
55,1,0,158,301,0,0,159,1,0.9,1,1,3,0
43,0,0,94,271,0,0,117,0,0.3,1,0,2,1
68,1,0,115,264,0,0,123,1,2.7,1,2,3,0
45,1,2,144,217,0,1,177,0,0.0,2,0,2,1
47,0,2,121,276,0,1,144,0,0.5,1,1,2,1
52,1,0,143,258,0,0,172,1,0.0,2,0,2,1
35,0,0,142,191,0,1,173,0,1.5,2,0,2,1
64,1,3,109,230,0,0,140,1,2.0,1,0,2,1
46,1,0,109,262,0,0,125,1,0.6,1,1,2,0
54,1,0,130,221,0,1,152,0,0.2,1,0,3,1
37,0,2,115,176,0,1,191,0,0.0,1,0,2,1
46,1,0,125,226,1,0,142,1,0.2,1,4,3,0
67,1,0,144,210,0,0,141,0,0.7,1,0,2,0
58,0,0,119,360,0,1,168,1,0.5,2,0,2,1
36,1,2,121,220,0,1,185,0,0.4,2,0,2,1
53,0,0,130,274,0,1,160,0,0.0,2,0,3,1
43,1,0,111,215,0,0,176,0,0.2,2,1,2,0
61,0,1,141,193,0,1,188,0,0.2,2,2,2,1
54,0,2,159,211,0,1,171,0,0.0,2,1,2,1
57,0,1,139,326,1,0,166,0,-0.0,2,2,2,0
60,1,3,175,302,0,0,157,0,0.0,1,0,3,0
57,1,1,108,252,0,1,147,0,-0.0,2,0,3,0
39,1,1,116,160,0,1,180,0,0.3,2,0,2,1
40,1,2,139,331,0,0,173,0,0.0,2,0,2,1
62,0,2,139,261,0,1,89,0,1.4,1,1,3,0
55,0,1,144,252,0,0,164,0,1.9,1,1,2,1
53,1,1,183,295,0,0,195,0,0.2,2,1,3,0
61,1,0,137,217,0,0,170,1,0.0,2,0,2,1
61,1,0,104,224,1,1,163,1,1.8,2,2,3,0
66,1,0,111,249,0,0,157,0,0.1,2,1,1,0
38,1,2,134,298,0,0,187,0,0.1,2,0,3,1
52,1,0,140,290,0,0,189,1,0.2,2,0,2,1
61,0,0,133,321,0,0,176,0,0.0,2,0,2,0
43,1,0,136,233,1,0,135,1,-0.0,1,4,3,0
58,1,2,157,220,0,1,134,1,0.4,1,0,2,1
60,1,0,134,135,0,0,117,1,3.6,1,1,2,0
41,1,0,129,231,1,0,150,1,0.1,1,4,3,0
60,1,0,112,212,1,1,156,1,1.3,2,2,3,0
42,1,0,118,186,0,0,163,0,0.9,2,1,2,0
39,0,1,118,321,0,1,153,0,0.0,2,0,2,1
59,1,2,108,197,0,1,126,1,1.0,1,0,1,1
64,0,0,182,257,1,1,167,1,0.6,1,2,3,0
44,0,1,109,178,0,1,139,0,0.0,1,0,2,1
53,1,3,120,195,0,0,199,0,0.0,1,0,1,1
56,1,0,142,234,0,1,100,1,5.5,0,0,3,0
58,1,0,138,195,0,0,139,0,2.6,1,2,3,0
65,1,0,112,197,0,1,137,0,0.7,2,0,3,1
46,1,2,142,273,0,0,150,0,-0.0,2,0,2,1
60,1,0,146,297,0,0,166,0,1.1,1,2,3,0
44,0,0,149,248,0,0,170,1,0.3,2,0,2,1
56,1,0,122,295,0,0,187,0,0.2,2,2,3,0
61,1,3,110,214,0,0,138,1,2.5,1,0,2,1
42,1,1,111,249,0,1,182,0,0.0,2,0,3,1
60,0,0,149,279,1,0,152,0,1.2,2,0,2,1
57,1,0,137,240,0,1,167,0,1.4,1,0,2,1
48,1,2,125,212,0,0,168,0,0.2,2,0,2,1
54,1,0,144,277,0,0,174,1,0.4,2,0,2,1
57,1,0,144,232,0,1,114,1,5.2,0,0,3,0
39,1,0,116,220,0,1,128,0,1.0,1,0,3,0
50,1,0,141,207,0,0,141,1,0.9,1,0,3,0
53,1,1,131,220,0,1,158,0,1.2,2,1,2,1
58,1,1,125,279,0,0,169,0,2.0,1,2,2,0
59,1,0,138,264,0,0,180,0,0.5,2,0,2,1
66,1,0,165,231,0,0,133,0,1.9,2,0,2,1
54,1,0,154,268,0,1,95,1,1.1,1,1,3,0
64,1,2,122,296,0,1,136,1,1.8,1,0,3,0
57,1,1,132,245,0,1,188,0,0.8,2,0,2,1
57,1,0,131,265,0,0,119,1,3.7,1,2,3,0
52,0,0,133,390,0,0,154,1,1.9,1,2,3,0
38,1,0,117,234,0,1,149,0,1.0,1,0,3,0
59,1,0,128,237,0,1,143,1,1.8,2,1,3,0
46,0,2,120,218,0,1,148,0,0.8,1,0,2,1
52,1,0,121,204,0,1,159,0,1.4,2,0,3,0
43,1,0,143,233,0,1,179,0,-0.0,2,0,2,1
63,0,1,128,179,0,1,184,0,0.6,2,2,2,1
56,1,0,117,262,0,0,112,1,2.3,1,1,3,0
61,1,0,127,324,1,0,130,1,2.0,2,3,3,0
64,1,1,152,237,0,1,165,1,0.1,2,0,2,1
70,1,0,120,245,0,1,71,0,0.8,1,0,2,0
64,0,1,127,266,0,0,174,0,0.0,2,0,2,1
52,1,3,156,289,1,1,173,0,1.2,1,0,3,1
44,0,1,115,175,0,1,172,0,0.0,2,0,2,1
61,1,3,136,251,0,1,139,0,2.5,1,2,2,0
59,0,2,107,349,0,1,146,0,0.0,2,1,2,1
46,1,0,118,281,0,0,166,0,0.6,1,0,3,0
52,1,1,127,262,0,1,165,0,0.6,2,0,2,1
58,1,1,134,202,0,0,160,0,0.0,2,0,3,1
49,0,2,138,285,0,1,128,0,0.8,2,0,2,1
55,1,1,128,264,0,1,159,0,0.0,2,0,2,1
40,0,0,138,192,0,0,179,0,1.1,2,0,2,1
62,0,0,157,163,0,0,149,0,6.2,0,3,3,0
56,1,1,194,296,0,2,186,0,0.1,2,1,3,0
65,1,0,128,258,0,0,145,0,1.4,1,1,3,0
67,0,0,125,212,0,1,150,1,0.0,1,0,2,0
71,1,2,155,238,0,0,132,0,0.0,2,0,2,1
42,0,2,110,231,0,1,148,0,0.9,1,1,2,1
62,0,0,145,309,1,1,105,0,1.7,1,3,2,0
63,1,0,129,183,0,1,141,0,1.0,2,0,3,1
59,0,1,133,319,1,0,151,0,0.4,2,2,2,0
42,1,2,141,332,0,1,157,0,1.8,2,1,2,1
41,0,1,129,303,0,1,155,0,0.6,2,0,2,1
63,1,0,130,235,0,0,99,1,1.4,0,1,2,0
68,1,2,175,247,0,0,157,1,2.1,1,0,2,0
42,1,1,117,197,0,0,175,0,0.3,2,0,2,1
55,1,0,106,240,0,1,121,1,2.5,1,1,3,0
67,1,1,150,256,0,1,117,1,0.0,1,3,1,0
61,1,0,135,216,0,0,127,1,2.1,2,1,3,0
65,0,0,184,310,0,1,143,1,-0.0,2,0,2,1
65,1,2,124,324,0,0,145,0,0.5,1,0,2,1
57,1,2,123,289,0,0,149,0,0.5,0,1,2,1
29,1,1,128,189,0,0,192,0,0.3,2,0,2,1
49,1,3,113,211,0,0,167,0,1.8,1,0,3,1
59,0,0,182,221,1,0,151,1,3.2,1,2,1,0
56,1,2,154,140,1,1,169,0,0.7,2,1,3,1
55,1,3,111,184,0,0,170,0,1.8,1,0,3,1
58,1,0,132,125,0,1,115,0,1.3,1,1,3,0
67,1,2,134,213,0,1,146,0,1.9,1,3,3,1
58,0,1,140,332,0,1,173,0,1.5,2,0,2,1
58,0,3,142,288,1,0,160,0,1.4,2,0,2,1
55,1,0,130,223,0,1,169,1,0.0,2,0,3,1
56,0,0,160,175,0,1,154,0,0.3,2,1,2,1
61,1,2,129,230,0,1,147,0,2.0,1,1,3,1
62,1,0,143,295,0,0,136,1,2.9,1,2,3,0
47,1,0,108,271,0,0,120,1,0.9,1,1,2,0
63,1,1,123,287,0,0,109,0,1.6,1,1,3,0
61,1,0,119,277,0,1,148,1,3.4,1,1,3,0
58,0,0,152,283,0,1,89,1,1.4,1,1,3,0
41,1,0,157,247,0,1,182,0,0.3,2,0,3,0
60,1,2,142,221,1,0,166,0,0.0,2,0,2,1
49,0,2,127,271,0,1,159,0,0.2,2,0,2,1
50,1,2,133,315,0,0,141,0,1.8,2,1,2,1
54,1,1,191,279,0,0,186,0,0.0,2,1,3,0
63,1,0,97,225,0,1,156,0,0.0,2,2,3,0
41,1,1,120,168,0,1,172,0,0.1,2,0,2,1
53,1,0,127,241,0,0,105,1,2.6,1,1,3,0
47,1,0,129,289,1,0,140,1,0.0,2,2,3,0
50,1,0,129,293,0,1,169,0,0.1,1,0,3,0
41,0,0,150,235,0,0,144,0,0.5,1,0,2,1
62,0,0,144,255,0,1,160,1,0.7,1,0,2,0
56,1,1,113,224,0,1,153,0,0.8,1,4,3,1
52,1,3,154,289,1,1,177,0,1.6,1,0,3,1
42,1,1,122,294,0,1,173,0,0.3,2,0,2,1
53,1,0,118,240,0,1,160,1,0.1,2,1,3,0
57,0,2,111,333,0,1,180,0,0.5,2,0,2,1
56,1,0,158,331,0,0,143,1,4.3,0,0,3,0
59,0,2,174,194,0,1,154,0,0.5,2,1,2,1
51,0,2,130,252,0,0,149,0,0.6,2,0,2,1
40,1,2,139,218,0,0,174,0,0.4,2,0,2,1
49,1,1,129,261,0,1,180,0,1.1,2,0,2,1
52,0,0,132,263,0,0,138,0,0.6,1,0,2,1
50,1,2,104,221,0,0,140,1,1.3,2,0,2,1
58,0,0,141,412,0,0,155,1,1.6,1,2,3,0
53,1,0,141,219,0,1,99,1,5.7,1,0,3,0
56,1,0,121,196,0,1,107,0,1.5,1,1,3,0
77,0,3,137,212,0,2,125,0,1.0,1,0,2,1
45,0,2,116,227,0,1,172,0,0.1,1,0,2,1
37,0,2,118,211,0,1,168,0,0.3,2,0,2,1
43,1,0,112,283,0,1,183,0,1.2,1,0,2,1
53,1,0,142,218,0,1,111,1,6.1,0,0,3,0
43,0,2,114,207,0,1,157,0,0.0,1,0,2,1
67,0,0,160,230,0,0,136,0,3.1,2,0,1,1
51,1,0,148,239,0,1,146,0,1.8,2,0,2,1
42,1,0,113,197,0,0,125,1,2.9,1,0,3,0
57,1,2,135,282,0,0,185,0,0.0,2,0,2,1
54,1,0,136,231,0,1,156,0,0.8,2,1,2,1
60,0,3,148,306,1,1,165,0,1.0,2,0,2,1
61,1,2,153,125,1,1,159,0,0.3,2,1,3,1
43,1,0,108,234,0,1,167,0,0.2,2,0,3,1
55,1,2,114,224,0,0,176,0,2.4,1,1,3,0
60,0,2,123,185,1,1,91,0,0.2,2,0,2,1
61,1,0,127,202,0,1,170,1,0.1,2,0,3,1
38,1,1,100,245,0,1,143,0,0.1,2,0,2,1
70,0,0,106,218,0,1,147,0,0.1,2,2,2,1
62,1,2,137,244,1,1,130,0,2.2,1,1,1,0
56,1,2,156,163,0,1,174,0,2.1,2,0,2,1
53,1,2,116,187,1,0,163,0,1.5,0,0,2,1
58,1,0,115,303,0,2,137,0,4.2,0,3,1,0
63,1,0,123,170,0,1,133,0,0.8,2,0,3,1
41,1,0,112,284,0,0,162,0,-0.0,2,1,2,0
60,1,0,135,166,0,0,120,1,3.9,1,1,2,0
53,1,3,124,196,0,0,184,0,0.9,1,0,1,1
35,1,0,127,292,0,0,162,1,0.7,1,0,3,0
45,1,0,116,150,0,1,143,1,2.9,0,0,1,0
70,0,2,114,220,0,0,116,0,1.6,1,0,2,1
64,0,2,158,265,0,1,154,0,0.9,2,0,2,1
52,1,2,152,255,0,0,169,0,1.4,2,0,3,1
31,1,1,132,205,0,0,203,0,0.4,2,0,2,1
50,1,3,150,316,1,1,175,0,1.1,1,0,2,1
32,1,1,122,232,0,0,201,0,0.0,1,0,2,1
56,1,0,121,277,0,0,113,1,2.3,1,1,3,0
54,1,2,135,219,0,1,164,0,0.2,2,4,2,1
55,1,0,120,228,1,0,140,1,0.9,1,1,2,0
59,1,0,113,208,0,1,118,1,1.2,1,0,1,1
52,0,3,152,300,1,1,191,0,1.8,1,0,2,1
66,0,3,153,255,0,1,124,0,2.7,0,0,2,1
68,1,0,152,225,0,0,138,0,2.2,2,0,1,1
63,1,0,113,236,0,0,156,0,0.1,2,0,3,0
52,1,2,145,201,0,0,117,1,0.0,2,0,2,1
40,1,0,143,216,0,1,180,0,0.0,2,0,3,0
42,0,1,108,193,0,1,172,0,0.3,2,1,2,1
47,1,0,114,296,0,1,185,0,0.8,1,0,2,1
51,0,2,127,283,0,0,149,0,0.2,2,0,2,1
64,1,3,164,214,0,0,155,0,0.9,1,0,3,1
43,1,3,158,270,0,0,169,0,0.7,2,2,2,1
44,0,0,136,369,1,0,137,1,3.4,1,0,3,0
42,1,1,108,218,0,1,154,0,0.4,2,0,2,1
68,0,2,149,267,0,1,164,0,0.8,2,1,2,1
61,0,0,149,259,0,0,149,0,2.0,1,2,3,0
63,0,0,173,324,0,1,149,1,0.0,2,0,2,1
56,1,1,125,288,0,1,160,0,0.5,2,0,2,1
67,1,0,153,208,0,0,138,0,2.0,1,2,1,0
56,1,2,130,208,0,0,123,1,1.9,1,3,3,0
66,0,2,159,351,0,0,157,0,0.8,2,0,2,1
60,1,1,121,245,0,1,137,0,0.4,1,4,3,1
45,1,1,99,229,1,1,146,0,0.0,2,0,3,1
55,1,0,146,282,0,0,119,1,0.1,0,1,1,0
64,0,0,150,227,0,0,120,0,1.0,1,3,3,0
58,1,0,136,288,0,0,133,1,2.4,1,2,3,0
53,1,0,123,261,0,0,118,1,2.9,1,2,2,0
63,1,0,149,299,0,0,142,1,2.7,1,2,3,0
46,1,2,123,224,0,1,167,0,0.1,2,0,2,1
63,0,1,143,233,0,1,166,0,1.5,2,0,2,1
66,0,2,136,316,0,1,121,0,0.4,2,0,3,1
54,1,2,180,198,1,1,156,0,0.9,2,0,3,1
63,0,0,140,397,0,0,159,0,1.3,1,0,2,1
56,1,0,140,193,0,0,101,1,2.2,1,3,1,0
57,1,2,122,256,0,0,137,1,0.8,1,1,1,0
35,0,1,123,195,0,1,199,0,1.4,2,0,2,1
58,1,0,115,298,0,2,137,0,4.7,0,3,1,0
64,1,2,128,301,0,1,127,1,2.1,1,0,3,0
51,0,2,97,230,0,1,143,1,1.1,1,0,2,1
56,0,2,162,199,0,1,157,0,0.1,2,1,2,1
59,0,0,111,320,0,2,133,0,4.6,0,3,1,0
77,0,1,127,251,0,0,113,1,0.5,2,1,2,1
57,1,1,115,247,0,1,181,0,1.6,2,0,2,1
39,0,0,97,261,0,0,128,0,0.4,1,0,2,1
40,0,1,97,190,0,1,177,0,0.0,2,1,2,1
56,1,0,124,251,0,0,136,1,3.3,1,2,3,0
57,1,0,175,336,0,0,141,1,3.8,0,0,3,0
66,1,2,139,337,0,1,160,1,0.0,2,0,2,0
53,1,0,115,240,0,1,158,0,0.0,2,1,2,0
44,0,2,119,261,0,0,173,1,0.3,2,0,2,1
36,0,1,105,194,0,1,167,0,0.6,2,1,2,1
61,1,0,148,185,0,0,145,0,2.2,1,2,1,0
34,0,0,147,206,0,1,179,0,1.2,2,0,2,1
66,0,2,146,261,0,0,151,0,0.1,1,1,2,1
58,1,0,157,173,0,0,94,0,0.9,1,2,1,0
63,1,2,110,222,0,0,161,0,2.2,0,1,3,0
41,1,0,140,296,0,1,128,1,2.1,1,0,1,0
64,0,0,186,213,1,1,156,1,1.0,1,2,3,0
55,1,1,119,258,0,1,126,0,0.9,2,0,3,0
58,0,0,173,240,1,0,157,1,2.8,1,2,1,0
56,0,0,123,361,0,1,169,1,0.8,2,0,2,1
52,1,0,135,213,0,1,112,1,5.0,1,0,3,0
54,0,0,132,233,0,1,125,1,0.0,1,0,3,0
52,0,2,105,292,0,0,149,0,0.0,2,0,2,1
45,1,1,125,303,0,1,151,0,0.2,2,0,2,1
52,0,2,135,235,0,0,112,0,0.3,2,0,0,1
76,0,1,112,286,0,0,112,1,1.1,2,1,2,1
54,1,0,132,288,0,0,120,1,3.9,1,2,2,0
44,1,0,115,179,0,1,140,0,0.1,2,0,2,1
63,1,0,124,263,0,0,145,1,2.4,1,1,3,0
60,1,2,124,343,1,0,128,1,2.2,2,3,3,0
64,0,2,134,433,1,0,150,0,0.6,2,1,2,1
67,1,3,137,232,0,1,151,0,1.8,2,2,1,1
54,1,0,161,242,0,0,150,1,0.9,1,0,3,0
50,1,0,127,268,0,1,172,1,0.1,2,1,3,0
60,1,2,135,214,1,0,166,0,0.1,2,0,2,1
41,1,1,134,193,0,1,139,0,0.7,1,0,1,1
54,1,0,106,230,0,1,121,1,2.6,1,1,3,0
63,0,0,120,213,0,1,162,0,0.7,2,0,2,1
53,1,0,162,293,0,0,153,1,0.8,1,1,3,0
53,1,2,186,186,1,1,163,0,0.2,2,0,0,1
64,1,0,114,213,0,0,142,1,0.1,2,1,2,0
38,1,2,133,150,0,1,184,0,0.0,2,0,2,1
46,1,2,132,261,0,1,181,0,0.3,2,0,2,1
55,0,2,117,336,0,1,168,0,0.1,2,0,2,1
58,1,1,113,246,0,1,164,0,0.2,0,0,2,1
58,1,2,146,214,1,1,161,0,1.9,2,0,2,1
38,0,2,137,201,0,1,149,0,0.2,1,0,2,1
42,1,0,133,198,0,1,124,0,0.1,1,0,1,1
63,0,0,149,213,0,0,117,0,0.8,1,3,3,0
71,0,0,154,256,1,0,131,0,0.5,1,1,2,1
60,1,2,134,211,1,0,172,0,0.4,2,0,2,1
56,0,2,108,293,0,0,169,0,0.4,2,0,2,1
61,1,0,145,281,0,0,138,0,3.3,1,2,3,0
56,1,2,113,232,0,0,161,0,2.6,1,1,3,0
47,0,1,116,172,0,1,125,0,0.0,1,0,3,1
35,1,2,133,193,0,1,178,0,0.0,2,1,2,1
47,1,2,114,243,0,0,192,0,0.1,2,0,2,1
58,1,1,116,243,0,1,166,0,0.5,2,0,2,1
48,1,1,126,208,0,0,186,0,0.1,2,0,2,1
55,1,0,124,253,0,0,130,1,3.2,1,0,3,0
69,1,0,130,339,0,0,99,0,3.4,1,3,2,0
50,1,2,134,182,1,0,161,0,1.4,0,0,2,1
61,1,1,129,288,0,0,98,0,0.8,1,1,3,0
58,0,0,98,267,0,0,142,0,1.8,1,0,2,1
52,1,2,118,196,0,1,120,0,0.5,2,0,2,1
57,1,2,121,215,0,0,147,0,0.3,1,1,3,0
63,1,3,136,245,0,1,139,1,2.3,1,2,2,0
65,0,2,143,306,0,1,142,0,0.5,2,0,2,1
65,0,2,137,406,1,0,150,0,0.3,2,1,2,1
62,1,2,128,235,0,0,137,0,0.3,1,1,3,0
39,1,0,119,188,0,0,119,0,2.2,1,0,3,0
55,0,0,134,209,0,1,109,1,5.1,0,0,3,0
43,1,2,161,228,0,1,146,0,4.0,1,0,2,0
53,1,1,125,222,0,0,178,0,0.2,1,1,2,0
54,0,2,107,261,0,0,172,0,0.0,2,0,2,1
39,0,0,101,285,0,0,133,0,0.2,1,0,2,1
62,1,0,98,241,1,1,149,0,0.0,2,1,3,0
43,0,1,120,308,0,1,162,0,0.7,2,0,2,1
61,1,3,160,291,0,0,162,0,-0.0,1,2,3,0
64,1,0,122,240,0,0,103,1,2.6,0,1,2,0
77,1,0,125,298,0,0,171,0,0.0,2,3,2,0
69,0,2,117,450,0,0,171,0,1.5,1,0,3,1
48,1,1,105,179,1,1,163,0,0.4,2,0,3,1
61,1,0,143,225,0,1,156,0,0.1,2,1,3,0
59,1,0,135,220,0,0,135,1,1.6,2,1,3,0
55,1,2,153,251,0,0,158,0,1.6,2,0,3,1
58,1,0,106,248,0,0,161,0,0.3,2,1,1,0
56,1,2,128,234,1,0,144,1,0.4,1,1,1,0
43,1,0,106,189,0,0,179,1,0.2,2,1,2,0
50,1,0,141,297,0,1,119,1,4.4,1,3,3,0
51,1,3,157,302,1,1,170,0,1.3,1,0,3,1
36,1,0,119,199,0,1,117,1,1.1,1,0,3,0
65,0,0,128,337,0,0,178,0,0.0,2,0,2,0
56,0,2,104,329,0,1,168,0,0.2,2,0,2,1
67,1,0,126,300,0,0,118,0,2.7,1,3,2,0
55,0,0,200,280,1,0,133,1,3.9,0,2,3,0
70,1,0,128,259,0,0,118,0,2.8,1,1,3,0
38,1,2,135,170,0,1,171,0,0.2,2,4,2,1
51,1,2,137,223,0,1,178,0,0.1,2,4,2,1
55,1,2,136,264,1,0,136,1,0.5,1,1,1,0
41,1,3,121,244,0,1,192,0,3.7,1,0,3,0
41,1,3,150,236,0,0,180,0,1.2,2,2,2,1
47,1,0,129,243,1,0,151,1,0.0,2,2,3,0
53,1,2,161,223,0,1,159,0,1.8,2,0,3,1
59,1,0,133,247,0,1,150,1,0.9,2,1,3,0
62,1,0,126,322,1,0,126,1,1.8,2,3,3,0
39,1,0,135,242,0,1,189,0,0.4,2,0,2,1
59,0,0,152,249,0,0,118,0,1.2,1,3,3,0
40,0,2,121,206,0,1,174,0,0.0,1,0,2,1
41,1,2,120,242,1,1,189,0,1.2,0,0,3,1
49,0,2,141,188,0,0,179,0,0.2,1,3,2,1
61,0,0,143,387,0,0,161,0,1.3,1,0,2,1
67,1,0,118,211,0,0,127,1,3.1,1,2,3,0
35,1,3,117,179,0,0,186,0,0.5,2,0,2,1
57,0,0,130,401,0,0,154,1,1.8,1,2,3,0
49,1,2,124,193,0,1,173,0,0.0,2,0,2,1
64,0,0,134,307,1,1,108,0,2.8,1,3,2,0
54,0,0,177,286,0,2,114,1,3.3,1,0,2,0
60,1,2,103,229,0,0,144,1,0.4,1,0,3,1
59,0,3,145,247,0,1,174,0,1.1,2,0,2,1
39,1,2,124,214,0,0,170,0,1.9,1,0,2,1
54,0,0,131,386,0,0,159,1,1.9,1,2,3,0
37,1,0,108,190,0,0,115,1,2.0,1,0,3,0
47,0,2,129,286,0,1,138,0,0.0,2,0,2,1
62,1,3,164,215,0,0,152,0,0.6,1,0,3,1
51,0,0,139,266,0,1,157,0,0.0,2,0,2,1
71,1,0,127,316,0,0,115,0,2.4,1,3,1,0
44,1,1,96,185,1,1,156,0,0.5,2,0,2,1
57,1,0,171,173,1,0,91,0,1.7,1,2,1,0
51,1,0,112,238,0,1,166,0,0.4,2,1,2,0
56,1,0,113,194,0,0,103,1,0.6,1,2,2,0
46,0,2,152,188,0,0,167,1,1.1,0,0,2,1
43,1,0,112,166,0,0,149,0,0.0,2,0,3,0
47,0,0,133,237,0,0,159,0,0.1,1,0,2,1
57,1,2,123,249,0,1,152,1,1.3,1,1,1,0
63,1,0,135,262,0,0,163,0,1.2,1,1,3,0
55,1,2,123,241,0,0,177,0,1.1,2,0,2,1
59,1,0,139,274,0,0,184,0,0.0,2,0,2,1
66,1,2,124,258,1,1,147,0,0.8,2,1,3,1
58,1,1,144,215,0,1,168,0,0.6,2,0,2,1
47,1,0,109,337,0,1,189,0,1.4,1,0,2,1
48,1,2,144,243,0,0,168,0,0.0,2,0,2,1
50,1,2,127,178,0,1,164,0,0.2,2,0,2,1
59,1,1,137,213,0,1,167,1,0.0,2,0,2,1
59,1,3,175,269,0,0,149,0,4.6,0,0,2,1
51,1,0,140,186,0,0,117,1,0.6,1,0,3,0
61,1,3,175,288,0,0,124,0,3.6,0,0,3,1
71,1,0,137,344,0,0,89,0,2.5,1,3,2,0
63,0,0,180,323,0,1,166,1,0.5,2,0,2,1
55,1,0,129,295,1,0,92,1,1.5,0,0,3,0
68,1,0,132,270,1,1,169,0,0.0,1,2,3,0
43,0,2,127,228,0,1,176,0,0.0,1,0,2,1
59,0,1,132,246,0,0,177,0,0.0,1,1,2,0
35,1,3,111,221,0,1,175,0,3.6,1,0,3,0
41,1,2,124,291,0,0,166,0,2.0,2,1,2,1
57,0,0,180,332,0,2,106,1,3.3,1,0,2,0
45,1,2,129,308,0,1,166,0,1.6,2,1,2,1
60,1,0,126,332,1,0,133,1,1.7,2,3,3,0
65,1,1,117,211,0,0,140,0,0.0,2,0,2,1
58,1,3,128,200,0,1,155,0,1.1,2,3,2,0
65,1,0,115,164,0,1,140,0,1.1,2,0,3,1
53,1,0,149,253,0,0,92,1,0.7,1,1,3,0
41,1,0,109,172,0,0,164,0,0.3,2,0,3,0
57,1,2,90,235,0,1,150,1,0.0,2,1,3,1
54,1,2,128,289,0,0,140,0,1.1,1,1,2,1
56,1,3,140,213,0,1,152,0,0.7,2,2,2,0
44,1,0,100,186,0,0,149,1,2.9,1,0,2,1
41,1,2,128,215,0,0,177,0,1.7,1,0,2,1
38,0,2,125,226,0,1,172,0,0.0,1,0,2,1
52,1,3,118,177,0,0,190,0,0.0,1,0,1,1
48,1,0,120,226,0,0,192,0,0.0,2,2,3,1
60,1,0,141,211,0,0,125,1,1.9,1,3,3,0
70,1,2,165,272,0,1,108,1,3.1,1,1,3,0
55,1,1,118,239,0,1,172,0,0.1,0,0,2,1
65,1,2,120,248,0,1,104,1,0.0,1,1,3,1
41,1,2,144,237,0,0,167,0,-0.0,2,0,2,1
58,1,0,139,186,0,1,155,0,0.1,1,0,1,1
44,1,0,103,216,0,0,148,1,3.8,1,0,2,1
56,0,0,176,305,0,2,118,1,3.0,1,0,2,0
41,0,1,128,307,0,1,160,0,0.1,2,0,2,1
65,0,0,172,260,1,1,162,1,1.8,1,2,3,0
67,1,2,140,342,0,1,152,0,0.3,2,0,2,0
62,1,0,151,212,0,0,129,0,2.3,1,2,1,0
64,0,0,119,225,0,1,140,1,-0.0,1,0,2,0
56,1,1,126,265,0,1,153,0,0.3,2,0,2,1
52,1,1,143,184,0,1,158,0,0.9,2,1,2,1
45,1,1,128,163,0,1,173,0,0.0,2,0,2,1
41,1,0,111,161,0,0,113,1,2.2,1,0,3,0
57,1,2,112,261,0,0,149,0,2.4,1,1,3,0
58,1,1,132,223,0,1,144,0,1.3,2,4,2,1
47,1,1,124,212,0,0,182,0,0.4,2,0,2,1
54,0,2,102,261,0,0,167,0,0.4,2,0,2,1
61,1,0,143,217,1,0,153,1,2.7,2,1,3,0
44,1,3,111,259,0,1,140,0,1.5,1,0,3,0
34,0,1,123,199,0,1,197,0,1.1,2,0,2,1
43,1,2,124,253,0,1,188,1,0.9,2,0,2,1
73,0,2,110,238,1,0,134,0,0.0,2,1,2,1
57,1,2,112,221,0,0,164,0,2.5,1,1,3,0
68,0,0,105,204,0,1,142,1,0.3,2,0,2,1
68,1,0,160,300,0,0,107,1,1.5,1,2,2,0
52,1,1,131,259,0,0,166,0,0.0,1,0,2,1
58,1,0,139,168,0,1,169,1,0.2,2,1,3,0
56,1,0,128,305,0,0,111,1,3.8,1,2,2,0
41,1,2,126,221,0,1,188,1,0.9,2,0,2,1
43,0,0,138,231,0,0,156,1,1.4,1,0,2,1
59,1,0,137,200,0,0,118,1,2.0,1,2,3,0
53,1,2,107,182,0,1,136,0,1.3,1,0,2,1
34,0,0,135,200,0,1,186,0,1.2,2,0,2,1
56,0,0,146,270,1,0,152,0,0.6,2,0,2,1
63,1,3,145,287,1,0,169,0,1.4,1,1,2,0
67,1,0,123,240,0,1,76,0,1.1,1,0,2,0
55,1,0,130,278,0,1,164,1,0.5,2,1,3,0
52,1,1,135,271,0,1,165,0,0.1,2,0,2,1
50,1,2,137,180,0,1,157,0,0.1,2,0,2,1
66,1,0,128,317,0,0,103,0,2.6,1,3,2,0
50,1,0,134,188,1,1,155,1,1.0,1,0,1,0
58,1,0,149,231,0,1,110,0,2.1,1,1,3,0
61,0,0,159,233,0,1,160,1,1.3,1,0,2,0
67,0,2,151,282,0,1,172,0,0.7,2,0,2,1
64,1,0,120,315,0,0,147,0,0.0,1,0,2,1
60,1,3,153,284,0,0,126,0,0.6,2,0,3,0
48,1,1,97,217,1,1,156,0,0.3,2,0,3,1
68,1,0,157,222,0,0,136,0,2.6,2,0,1,1
70,0,0,107,224,0,1,132,0,0.7,2,2,2,1
40,1,0,120,220,0,1,139,0,1.3,1,0,3,0
55,1,0,129,221,0,0,136,1,2.1,1,3,3,0
52,0,2,135,306,1,1,170,0,0.4,2,0,2,1
41,1,1,122,162,0,1,171,0,0.0,2,0,2,1
49,0,2,131,265,0,0,151,0,0.6,2,0,2,1
62,0,0,145,265,0,1,153,1,1.6,1,0,2,0
49,1,2,96,240,0,1,143,1,0.4,2,1,3,1
40,1,2,152,176,0,1,172,0,-0.0,2,4,2,1
51,0,2,122,209,0,0,115,0,0.0,2,0,0,1
54,1,0,143,211,1,0,154,1,4.1,0,0,3,0
35,1,2,117,189,0,1,167,0,0.1,2,0,2,1
46,1,1,135,229,0,0,185,0,0.0,2,0,2,1
50,0,1,107,209,0,1,163,0,0.0,2,0,2,1
63,0,1,131,186,0,1,169,0,0.0,2,2,2,1
45,1,3,101,225,0,1,151,1,0.0,2,1,3,1
54,1,0,103,316,0,2,134,0,4.9,0,3,1,0
50,0,0,179,337,0,2,121,1,3.8,2,0,2,0
58,0,1,117,244,0,0,179,0,0.5,1,1,2,0
61,1,0,138,288,0,0,137,1,2.9,1,2,3,0
52,0,0,101,265,0,0,168,0,0.2,1,0,2,1
63,1,3,172,303,0,0,157,0,0.0,1,0,3,0
59,1,0,141,166,0,0,143,1,3.5,2,2,3,0
49,1,2,140,223,1,1,161,0,1.1,1,0,3,0
42,0,1,130,186,0,0,183,0,1.5,2,0,2,1
57,0,0,171,258,1,0,147,1,2.5,1,2,1,0
65,0,0,161,237,0,0,117,0,1.0,1,3,3,0
74,1,0,152,168,0,1,119,1,2.5,0,0,3,0
41,0,0,130,347,1,0,146,1,3.0,1,0,3,0
50,1,2,136,250,0,1,160,0,0.6,1,1,3,0
52,1,2,134,191,0,1,161,0,0.0,2,0,2,1
61,1,0,145,198,0,0,137,1,2.0,1,1,3,0
44,1,0,113,273,0,0,122,1,1.3,1,1,2,0
42,1,1,121,253,0,1,172,0,0.6,2,0,3,1
48,1,2,92,220,0,1,153,1,0.2,2,1,3,1
46,1,0,113,285,0,0,154,0,0.0,2,1,2,0
64,0,2,133,265,0,0,178,0,0.0,1,0,2,1
57,1,0,146,225,0,1,124,1,0.6,1,0,3,0
45,0,1,112,203,0,1,155,0,0.5,2,1,2,1
53,0,0,100,266,0,0,129,0,1.4,1,0,2,1
66,1,0,114,299,0,0,143,0,0.5,1,0,2,1
41,0,0,131,363,1,0,131,1,3.7,1,3,3,0
60,1,3,180,276,0,0,142,1,4.7,0,0,3,1
36,1,2,136,239,0,1,199,0,3.8,0,0,2,1
65,1,0,126,251,0,0,143,0,1.2,1,1,3,0
57,0,3,146,265,1,0,150,0,1.5,2,0,2,1
34,1,1,136,209,0,0,199,0,-0.0,2,0,2,1
51,0,1,126,245,0,1,173,0,0.4,2,0,2,1
51,1,0,144,231,0,0,103,1,0.3,2,0,3,1
50,1,2,142,224,0,1,166,0,0.0,2,4,2,1
41,0,1,106,236,0,1,170,0,0.4,2,1,2,1
50,1,0,144,236,0,0,120,1,1.4,1,0,3,0
62,1,2,135,348,0,1,156,0,0.2,2,0,2,0
42,0,2,103,134,0,1,181,0,0.4,1,0,2,1
39,0,0,129,336,1,0,138,1,2.8,1,0,3,0
47,0,2,138,237,0,0,162,1,0.0,1,0,2,1
56,1,0,128,259,1,0,143,1,1.4,1,1,2,0
38,0,2,121,197,0,1,182,0,0.0,2,0,2,1
55,1,2,106,203,0,1,127,0,1.2,2,0,2,1
43,0,0,135,262,0,0,151,1,0.2,1,0,2,1
53,1,0,107,214,0,0,118,1,-0.0,1,1,2,0
53,1,0,143,222,0,0,113,1,0.1,2,0,3,1
56,1,0,125,132,0,1,111,1,1.4,1,1,3,0
55,0,2,151,173,0,1,171,0,1.7,2,0,2,1
62,1,0,154,283,0,0,102,1,0.0,1,0,3,0
70,0,3,128,257,0,1,153,0,2.4,2,2,2,1
47,1,1,119,191,0,1,164,0,0.3,2,0,2,1
58,1,0,132,232,0,0,125,1,2.2,1,3,3,0
52,1,1,107,279,0,1,149,0,0.0,2,0,3,1
46,1,1,111,226,0,1,162,0,1.0,0,0,3,0
65,1,2,178,281,1,0,156,1,1.4,1,0,3,0
55,1,0,148,224,0,0,110,1,0.0,2,0,3,1
63,1,2,147,245,1,1,140,1,0.5,1,0,2,1
51,1,3,124,201,0,0,195,0,0.1,1,0,1,1
55,1,0,132,231,0,1,163,0,0.0,1,0,3,1
59,0,0,122,197,0,1,166,0,0.0,2,0,2,1
44,1,1,119,202,0,1,170,0,0.3,2,0,2,1
45,0,0,137,267,0,0,149,1,0.5,1,0,2,1
46,1,0,110,251,0,1,128,1,2.9,1,1,3,0
56,0,0,132,299,0,0,161,0,0.6,2,1,2,1
51,1,2,131,174,1,0,153,0,1.0,0,0,2,1
59,1,0,140,306,0,0,164,0,1.3,2,1,3,0
47,0,0,145,231,0,0,148,1,0.0,1,0,2,1
41,1,1,141,260,0,0,174,0,0.8,2,2,2,1
59,1,2,106,223,0,0,155,1,0.9,1,0,3,1
48,0,0,143,242,0,0,141,1,0.0,1,0,2,1
66,0,0,181,314,0,1,155,1,0.0,2,0,2,1
59,0,1,133,303,1,0,156,1,0.0,2,1,2,1
46,1,2,114,248,0,1,139,0,0.0,2,0,2,0
51,0,0,133,304,0,1,150,1,1.2,1,0,3,0
61,1,2,130,226,0,0,167,0,3.6,2,2,3,0
59,1,0,136,305,0,0,169,0,1.5,1,1,3,0
50,1,2,124,237,1,0,169,0,2.3,2,0,2,1
61,0,0,150,157,0,0,149,0,6.2,0,0,3,0
53,0,2,123,233,0,0,104,0,0.2,2,0,0,1
42,1,0,142,259,0,1,158,0,1.9,2,0,2,1
41,1,2,134,151,0,1,171,0,0.1,2,4,2,1
49,1,2,102,247,0,1,143,1,1.6,1,0,2,1
57,1,2,151,127,1,1,169,0,0.6,2,1,3,1
60,1,1,152,247,0,1,125,1,0.0,1,3,1,0
63,1,3,155,286,0,0,116,0,0.1,2,0,2,0
57,1,0,119,136,0,1,111,1,1.5,1,1,3,0
54,1,1,138,203,1,0,151,0,1.1,0,1,2,1
29,1,1,134,227,0,0,200,0,0.0,2,0,2,1
60,0,2,101,331,0,1,159,0,0.7,2,1,2,1
30,1,1,134,202,0,0,203,0,0.0,2,0,3,1
67,0,2,145,283,0,1,157,0,0.7,2,0,2,1
60,1,0,138,173,0,0,125,1,3.3,1,1,2,0
57,0,1,132,287,0,1,154,0,-0.0,2,0,2,1
40,1,1,96,223,0,1,152,0,0.3,2,0,2,1
73,1,0,149,169,0,0,131,1,2.7,0,0,3,0
65,0,2,137,246,0,0,158,0,0.0,2,0,2,1
56,1,2,143,189,1,0,163,0,0.0,2,0,2,1
65,1,2,129,232,0,1,150,0,1.2,1,3,3,1
49,1,2,126,195,0,1,165,0,0.0,2,0,2,1
42,1,2,141,314,0,0,176,0,0.0,2,0,2,1
51,0,2,124,249,0,1,144,0,0.2,2,0,2,1
50,1,0,149,223,0,0,131,0,2.5,1,0,3,0
55,1,0,110,210,0,0,107,1,0.4,1,1,2,0
59,1,0,165,165,1,0,85,0,0.5,1,2,3,0
52,1,0,130,282,0,0,115,1,4.0,1,2,2,0
45,1,0,128,169,0,1,130,1,2.3,0,0,1,0
66,1,0,101,314,0,0,120,1,0.5,1,2,2,0
46,1,2,130,222,0,0,171,0,0.4,2,0,2,1
60,1,1,134,185,1,0,145,0,0.6,2,0,2,1
51,1,0,132,265,0,0,107,1,2.4,1,1,3,0
42,0,1,111,178,0,1,162,0,0.0,2,1,0,1
54,1,3,154,276,1,1,175,0,0.9,2,0,3,1
58,0,0,122,316,0,0,177,0,0.0,2,0,2,0
51,1,3,141,331,1,1,184,0,0.8,1,0,3,1
63,0,2,136,319,0,1,141,0,0.3,2,0,3,1
47,1,0,119,254,0,0,164,0,0.8,1,0,3,0
54,1,0,160,286,0,0,149,1,0.2,1,1,3,0
50,1,1,129,243,0,0,188,0,0.2,1,0,2,1
56,0,3,109,190,1,1,155,0,1.7,1,0,2,1
56,0,1,141,313,1,0,161,0,0.0,2,2,2,0
39,1,0,140,233,0,1,183,0,0.5,2,0,2,1
65,0,0,136,318,0,1,111,0,2.3,1,0,2,1
64,1,1,165,266,0,1,133,1,0.1,1,3,1,0
63,0,1,147,213,0,1,174,0,0.0,2,2,2,1
40,1,1,118,286,0,1,177,0,0.0,2,0,3,1
40,0,0,130,338,1,0,141,1,3.0,1,0,3,0
53,1,1,124,262,0,1,165,0,0.1,2,0,2,1
65,0,0,132,292,1,1,109,0,1.6,1,3,2,0
41,1,0,120,272,0,1,177,0,0.3,1,0,2,1
54,0,2,119,207,0,0,123,0,0.7,2,0,0,1
43,1,0,117,174,0,1,151,1,2.9,0,0,1,0
61,0,0,149,249,0,0,162,0,2.2,1,2,3,0
49,1,0,108,281,0,0,105,1,0.8,1,1,2,0
36,1,0,122,235,0,1,188,1,3.8,1,0,3,0
51,1,0,116,249,0,1,129,0,1.0,1,0,3,0
36,1,0,135,172,0,1,187,0,1.9,2,0,2,1
64,1,0,159,213,0,1,150,0,0.5,2,1,3,0
50,0,0,128,266,0,1,162,0,0.5,2,0,2,1
57,1,2,132,315,0,1,146,1,1.4,1,0,3,0
39,1,0,159,216,0,1,175,0,0.8,2,0,3,0
57,0,0,126,342,0,1,160,1,0.4,2,0,2,1
66,1,0,120,197,0,1,139,0,0.3,2,0,3,1
70,0,1,148,243,0,1,109,0,2.8,0,0,2,1
46,1,0,133,201,0,0,192,0,0.1,2,0,2,1
61,1,0,155,268,0,1,90,1,1.0,1,1,1,0
45,1,2,119,232,0,1,167,0,0.0,2,0,2,1
43,1,0,107,295,0,1,181,0,1.3,1,0,2,1
45,0,2,100,195,0,0,175,0,0.2,2,0,2,1
42,1,0,111,168,0,1,144,1,2.6,0,0,1,0
60,1,0,149,282,0,1,86,1,1.1,1,1,3,0
56,0,2,137,224,0,0,114,0,0.0,2,0,2,1
64,0,2,161,367,0,0,165,0,0.8,2,0,2,1
43,1,0,120,249,0,0,149,0,0.8,2,0,3,0
60,1,0,123,211,1,0,131,1,2.4,1,2,3,0
40,1,3,143,207,1,1,176,1,1.7,2,0,3,1
54,0,2,140,209,0,0,176,0,0.4,1,0,2,1
66,1,0,150,242,0,0,146,0,2.4,2,0,1,1
68,1,0,157,167,0,1,112,1,2.6,0,1,3,0
57,1,2,124,245,1,0,175,0,0.0,2,3,2,1
57,1,0,158,294,0,0,151,1,0.7,1,1,3,0
50,1,2,106,184,0,1,129,0,2.0,1,3,3,0
67,1,0,113,196,0,0,130,1,0.5,2,1,2,0
55,0,1,132,366,0,1,161,0,1.1,2,0,2,1
52,1,2,149,239,0,1,166,0,1.0,1,1,3,0
45,1,0,108,178,0,0,178,0,0.0,2,1,2,0
58,1,0,119,326,0,2,141,0,4.5,0,3,1,0
73,0,1,122,231,0,0,122,1,0.3,2,1,2,1
52,1,2,90,218,0,1,145,1,0.7,2,1,3,1
56,1,0,135,186,0,0,112,1,2.5,1,1,2,0
56,1,0,133,184,0,0,103,1,2.3,1,1,1,0
53,0,2,173,179,0,1,163,0,0.0,2,1,2,1
54,1,0,138,303,0,1,181,1,1.2,2,1,3,0
48,1,2,128,246,0,1,179,0,-0.0,2,0,2,1
59,0,2,118,183,1,1,106,0,0.7,2,0,2,1
53,1,0,124,278,0,1,164,1,0.1,2,1,3,0
61,0,0,145,255,0,0,157,0,2.3,1,2,3,0
50,1,2,104,159,0,1,118,0,0.8,2,0,2,1
45,0,2,126,270,0,1,140,0,0.0,2,0,2,1
49,1,0,137,267,0,0,200,1,0.1,2,0,2,1
63,1,0,146,219,0,0,143,0,1.7,1,1,1,0
66,1,0,130,264,0,0,86,1,0.4,1,1,3,1
37,1,1,125,181,0,1,179,0,0.0,2,0,2,1
51,1,2,145,223,0,1,106,1,0.2,2,0,3,1
61,1,0,171,332,0,0,133,1,3.7,0,0,3,0
60,0,0,168,222,0,1,147,1,0.2,1,0,2,0
53,1,0,103,243,1,1,142,0,0.2,2,3,3,1
54,0,0,138,216,0,0,157,0,0.0,2,0,2,1
40,1,1,93,201,1,1,159,0,0.0,2,2,3,1
36,1,2,129,241,0,1,181,0,3.8,2,0,2,1
45,0,2,140,175,0,0,170,1,1.0,0,0,2,1
66,1,0,116,258,0,0,96,1,2.2,0,1,2,0
41,1,2,115,231,1,1,192,0,0.8,0,0,3,1
57,0,2,109,171,1,1,111,0,0.0,2,0,2,1
67,1,0,140,192,0,0,143,1,1.9,2,1,3,0
63,0,2,138,247,0,0,164,0,0.2,2,0,2,1
68,1,0,136,253,0,0,125,1,3.3,1,1,3,0
44,1,0,118,305,0,0,144,1,0.5,1,1,3,0
49,1,2,138,252,0,0,160,0,0.0,2,0,2,1
61,0,0,139,257,0,0,151,1,4.2,0,2,2,0
60,1,0,110,201,0,1,122,1,1.9,1,0,2,1
45,1,0,119,165,0,1,149,1,3.0,0,0,1,0
39,1,2,111,268,0,1,159,1,0.3,2,0,2,1
52,1,3,156,296,1,1,181,0,1.4,1,0,3,1
45,1,0,107,179,0,1,148,1,2.6,0,0,1,0
66,1,0,139,199,0,0,145,1,3.9,2,2,3,0
55,1,1,112,317,0,1,171,0,0.0,2,0,2,1
57,1,0,163,173,1,1,100,0,0.7,1,2,1,0
64,0,2,146,267,0,0,154,0,0.4,2,1,2,1
56,1,0,171,288,1,0,127,0,1.3,1,3,3,0
49,1,0,101,217,0,0,121,1,0.5,1,1,2,0
56,1,0,125,291,0,0,108,1,2.8,1,2,2,0
57,1,0,102,235,0,1,153,0,0.7,2,1,3,0
47,1,0,127,279,0,0,145,0,0.9,1,0,3,0
41,1,0,114,179,0,0,159,0,0.5,2,0,3,0
54,1,0,104,340,0,1,140,1,3.0,1,1,3,0
62,1,0,137,281,1,0,131,1,2.8,1,2,3,0
52,1,0,122,286,0,0,114,1,2.7,1,2,2,0
40,1,0,134,251,1,0,149,1,0.0,1,4,3,0
53,0,1,124,251,0,0,138,0,0.7,2,0,2,1
59,1,2,157,206,1,1,152,0,2.1,2,0,2,1
61,0,0,187,297,0,1,148,1,0.3,2,0,2,1
40,0,0,136,228,1,0,142,1,0.3,1,4,3,0
65,1,1,120,204,1,0,127,0,0.4,2,0,2,1
46,1,2,144,229,0,0,175,0,0.0,2,0,2,1
52,1,2,136,257,0,0,180,0,0.0,2,3,2,1
68,1,2,165,242,0,1,123,1,3.0,1,1,3,0
66,1,3,138,282,1,0,179,0,1.6,1,1,2,0
58,1,3,126,211,0,0,160,0,1.8,1,3,3,1
65,1,2,134,337,0,1,157,0,0.0,2,0,2,0
43,1,0,114,291,0,1,158,0,0.1,2,1,3,0
45,0,0,129,346,1,0,126,1,3.2,1,0,3,0
68,0,2,108,268,1,0,131,0,0.0,2,1,2,1
54,1,0,134,270,1,0,150,1,0.5,1,1,1,0
70,0,2,153,278,0,0,150,0,0.3,1,1,2,1
56,1,1,159,235,0,0,152,1,0.0,2,1,2,0
56,0,0,114,243,0,0,162,0,0.4,2,0,2,1
44,1,2,127,205,0,1,163,0,2.4,1,0,2,1
62,1,0,126,210,0,0,130,1,1.9,2,3,3,0
45,0,2,137,304,0,1,134,0,0.2,2,0,2,1
66,1,0,154,243,0,0,108,0,0.9,1,3,3,0
76,1,0,128,294,0,0,169,0,0.0,2,3,2,0
65,1,0,139,220,0,0,130,1,1.8,0,1,3,0
55,1,3,121,172,0,0,154,0,2.4,1,0,3,1
63,0,0,130,218,0,1,156,0,0.0,2,0,2,1
43,1,0,109,200,0,1,162,0,0.2,2,0,3,1
57,1,0,144,272,1,0,99,1,1.5,0,0,3,0
60,0,3,151,273,1,0,176,0,1.3,2,0,2,1
75,0,1,123,284,0,0,111,1,0.6,2,1,2,1
42,1,0,142,287,0,0,147,1,0.0,1,1,3,0
59,1,2,92,222,0,0,149,1,-0.0,1,0,3,1
58,1,0,147,279,0,0,134,1,2.8,1,2,3,0
56,0,0,147,262,0,1,126,1,0.0,1,0,3,0
66,1,0,102,301,0,0,127,1,1.1,1,2,2,0
41,1,2,151,243,0,1,148,0,4.2,1,0,2,0
42,0,0,101,257,0,0,118,0,0.5,1,0,2,1
51,1,0,116,274,0,0,115,1,2.4,1,1,3,0
41,1,1,137,205,0,1,135,0,0.0,1,0,3,1
64,1,0,144,193,0,1,160,0,0.0,2,1,3,0
58,0,0,199,284,1,1,132,1,3.4,0,2,3,0
65,1,0,135,249,0,0,145,0,1.3,1,1,3,0
59,1,2,127,230,1,1,141,0,2.7,1,1,1,0
57,0,1,139,293,0,0,157,0,1.3,1,0,2,1
48,1,2,146,232,0,0,157,0,0.0,2,0,2,1
60,0,0,137,254,0,1,125,1,-0.0,1,0,3,0
64,0,2,119,272,0,1,92,0,1.5,1,1,3,0
59,0,2,117,357,0,1,152,1,0.8,2,0,2,1
51,1,1,129,324,0,0,180,0,0.0,2,0,2,1
63,1,0,119,205,1,1,155,1,1.2,2,2,3,0
54,0,1,123,351,0,1,164,0,1.6,2,0,2,1
48,0,0,146,250,0,0,152,1,0.0,1,0,2,1
55,1,2,129,211,0,0,166,0,0.0,1,0,3,1
55,1,1,155,229,0,0,167,0,0.0,2,1,2,0
47,1,3,107,262,0,1,127,0,1.8,1,0,3,0
49,0,0,128,226,0,2,131,1,1.5,1,1,3,0
63,0,3,156,233,0,1,171,0,0.7,2,2,2,1
60,0,2,95,325,0,1,150,0,0.0,2,1,2,1
53,0,1,142,238,0,0,157,0,1.7,1,0,2,1
69,0,1,161,309,0,1,166,0,0.3,2,2,2,1
54,0,2,110,263,0,0,160,0,0.2,2,0,2,1
62,1,2,142,171,0,0,160,0,3.4,1,0,2,0
41,0,2,131,219,0,1,144,0,0.8,1,0,2,1
63,0,2,138,245,0,0,173,0,0.0,2,0,2,1
51,1,1,113,230,0,1,153,0,0.9,0,0,3,0
60,0,0,99,260,0,0,105,0,1.8,1,0,2,1
50,1,1,113,287,0,1,158,0,0.6,2,0,3,1
52,1,0,139,245,0,1,166,0,1.0,2,0,2,1
42,0,1,141,214,0,1,176,0,0.8,2,0,2,1
70,0,3,134,234,0,1,154,0,2.4,2,2,2,1
57,1,0,166,302,0,0,141,1,1.0,1,1,3,0
41,0,1,126,262,0,1,168,0,0.0,1,0,3,1
53,1,0,126,208,0,1,177,0,0.7,2,2,3,0
56,0,0,171,233,0,1,139,1,0.3,1,0,2,0
59,0,0,127,196,0,0,170,0,0.7,2,0,2,1
52,1,2,122,203,0,0,112,0,0.0,2,0,0,1
57,1,0,148,212,0,1,108,0,1.2,1,1,3,0
59,1,2,132,224,1,1,133,0,2.4,1,1,1,0
60,0,0,147,290,0,0,145,1,0.5,1,0,3,0
46,0,1,125,226,0,0,169,0,0.8,1,0,2,1
62,1,2,137,193,0,0,160,0,3.3,1,0,2,0
59,1,2,107,235,0,0,169,0,2.4,1,1,3,0
62,1,3,167,233,0,0,160,0,0.6,1,0,3,1
47,1,0,150,261,0,1,168,0,1.2,2,0,2,1
34,0,2,127,195,0,1,172,0,0.2,2,0,2,1
64,1,1,161,271,0,1,105,1,0.0,1,3,1,0
66,1,2,137,401,1,0,162,0,0.7,2,1,2,1
41,1,2,132,248,0,1,182,1,0.0,2,0,2,1
44,1,0,111,308,0,1,169,0,1.2,1,0,2,1
70,0,3,142,249,0,1,153,0,1.9,2,2,2,1
61,0,0,149,248,0,1,163,1,1.2,1,0,2,0
44,1,0,116,196,0,0,171,0,0.0,2,0,2,0
57,0,0,171,224,1,0,148,1,2.8,1,2,1,0
46,1,2,124,189,0,1,136,0,2.4,1,3,3,0
51,0,2,143,311,0,0,145,0,1.7,1,1,2,1
51,1,2,126,162,0,0,127,0,1.1,2,3,2,0
38,1,0,131,290,0,1,135,1,2.1,1,0,1,0
59,1,0,165,290,1,0,113,0,1.0,1,3,3,0
64,0,3,163,235,0,1,118,0,2.9,0,0,2,1
45,0,2,115,134,0,1,182,0,0.3,1,0,2,1
60,1,3,163,276,0,0,160,0,0.3,1,0,3,0
66,1,0,128,328,1,0,142,1,1.8,2,3,3,0
65,1,2,149,220,0,0,146,0,0.4,2,1,3,0
52,1,0,124,200,0,1,170,0,1.8,2,2,3,0
52,0,0,197,299,1,0,135,1,3.8,0,2,3,0
53,1,0,134,347,0,1,141,1,1.1,1,1,3,0
61,1,2,105,232,0,0,172,1,2.1,1,1,3,0
48,1,2,129,258,1,1,173,0,0.3,2,2,2,1
55,1,0,132,197,0,0,107,1,1.7,1,2,1,0
66,0,2,138,288,0,1,135,0,0.4,2,0,3,1
43,1,0,142,315,0,1,122,1,2.0,1,2,3,0
49,0,1,96,209,0,1,167,0,0.2,2,0,2,1
44,1,0,106,326,0,0,147,1,0.0,2,1,2,0
62,0,0,115,281,0,1,176,1,1.5,1,2,2,0
61,1,2,148,202,0,0,156,1,2.9,1,0,2,0
62,0,0,174,228,1,1,161,1,0.5,1,2,3,0
58,1,0,135,339,0,1,120,1,1.7,1,1,3,0
60,1,0,129,243,0,0,147,0,1.5,1,1,3,0
42,0,1,135,205,0,0,175,0,2.1,2,0,2,1
55,1,0,127,360,0,1,128,1,1.4,1,1,3,0
57,1,1,127,241,0,0,161,0,0.2,2,0,2,1
66,1,0,137,261,0,1,114,1,0.6,1,1,3,1
49,1,0,148,253,0,0,117,0,3.0,1,0,3,0
60,0,0,122,181,0,1,130,1,-0.0,1,0,2,0
46,1,0,147,256,0,0,130,0,2.8,1,0,3,0
61,0,0,146,372,0,0,153,0,1.1,1,0,2,1
52,1,0,133,350,0,1,138,1,1.3,1,1,3,0
45,1,2,136,225,0,1,177,1,0.8,2,0,2,1
55,1,2,151,235,0,0,170,0,2.4,2,0,3,1
31,1,1,135,204,0,0,190,0,0.0,2,0,2,1
48,1,1,109,227,0,1,175,0,1.1,0,0,3,0
42,0,1,113,206,0,1,172,0,0.4,2,1,2,1
63,0,0,144,389,0,0,163,0,4.0,1,3,3,0
45,0,0,132,251,0,0,157,1,0.1,1,0,2,1
69,1,0,161,263,0,0,103,1,1.5,1,3,2,0
55,0,0,200,281,1,0,142,1,4.0,0,1,3,0
60,1,0,146,180,0,1,178,0,0.7,2,1,3,0
38,0,1,134,311,0,1,157,0,0.2,2,4,2,1
55,1,0,151,212,0,0,114,1,0.6,1,0,3,1
61,1,0,156,269,0,0,96,1,0.6,1,1,1,0
55,1,1,121,224,0,1,169,0,1.0,2,0,2,1
41,1,3,126,252,0,1,184,1,4.3,2,0,3,0
46,1,2,116,138,0,0,120,0,0.5,2,3,2,0
61,0,0,127,266,0,1,97,1,1.0,1,1,3,0
68,0,0,179,230,1,1,171,1,1.4,2,2,3,0
60,0,0,130,322,0,0,166,0,-0.0,2,0,2,0
42,1,0,112,263,0,0,185,0,0.2,2,0,2,1
54,1,2,127,217,1,0,151,0,1.6,0,0,2,1
58,1,2,157,148,1,1,177,0,0.0,2,1,3,1
55,1,2,125,292,0,0,145,0,0.6,0,1,2,1
57,0,2,125,322,0,1,170,0,0.6,2,0,2,1
52,1,1,112,332,0,1,166,0,0.1,2,0,2,1
56,1,0,102,224,0,1,158,0,0.4,2,1,3,0
55,0,0,140,236,0,1,125,1,-0.0,1,0,3,0
46,1,2,134,231,0,1,184,0,0.0,2,0,2,1
63,0,2,144,284,0,0,155,0,0.2,1,1,2,1
40,1,0,112,198,0,1,158,0,0.1,2,0,3,1
65,0,2,149,199,0,0,132,0,0.6,1,0,3,0
55,0,0,130,210,0,2,116,1,2.1,1,1,3,0
45,1,0,123,272,1,0,140,1,0.2,1,4,3,0
63,1,1,115,290,0,0,106,0,1.2,1,1,3,0
55,0,2,120,228,0,0,122,0,0.0,2,0,0,1
59,1,0,132,214,0,0,141,1,1.3,2,1,3,0
54,1,2,126,269,0,0,167,0,0.5,0,1,2,1
44,1,2,123,220,0,1,171,0,0.0,2,0,2,1
48,0,1,124,261,0,1,170,0,1.5,2,0,2,1
39,1,0,158,226,0,1,177,0,0.6,2,0,3,0
41,1,0,120,210,0,1,136,0,1.4,1,0,3,0
63,0,2,158,356,0,0,158,0,0.8,2,0,2,1
34,1,1,127,186,0,0,187,0,0.4,2,0,2,1
60,1,0,162,302,1,0,124,0,0.5,2,3,3,0
52,1,0,106,209,0,0,106,1,0.5,1,1,2,0
46,0,1,107,188,0,1,178,0,0.2,2,0,2,1
64,0,0,135,275,0,0,156,0,3.4,1,2,2,0
55,1,2,121,234,0,0,149,0,0.1,1,0,3,1
59,1,0,146,189,1,1,156,1,0.7,2,1,3,0
54,0,2,134,258,0,0,155,0,0.6,2,0,2,1
50,0,2,137,286,0,1,140,0,1.2,2,1,2,1
64,0,0,124,328,0,0,177,0,0.0,2,0,2,0
52,1,1,137,199,0,1,150,0,0.9,2,1,2,1
58,1,0,139,203,0,1,166,0,1.2,1,0,3,1
57,0,0,157,232,1,0,162,1,2.8,1,2,1,0
42,0,2,114,257,0,1,192,0,0.0,2,0,2,1
46,1,0,113,208,0,1,143,0,0.3,2,0,2,1
48,1,2,118,187,0,1,125,0,0.3,2,0,2,1
42,1,0,143,232,0,1,178,0,1.0,2,0,2,1
52,1,2,128,281,1,0,162,0,2.3,1,0,2,1
67,1,0,151,199,0,0,138,0,3.9,2,2,3,0
44,1,2,113,284,0,1,181,0,0.2,2,0,2,1
61,0,0,126,198,0,1,160,0,0.0,2,0,2,1
59,0,0,132,216,0,1,139,0,0.9,1,0,2,1
56,1,0,131,268,0,0,184,0,0.0,0,0,2,1
62,0,1,121,199,0,1,170,0,0.9,2,0,2,1
44,1,2,139,258,0,0,175,0,0.5,2,0,2,1
47,1,2,128,231,0,0,161,0,1.2,1,0,2,1
48,1,2,158,231,0,1,157,0,3.6,1,0,2,0
57,1,0,174,282,0,0,164,0,0.3,1,0,3,0
62,1,0,128,326,1,0,136,1,2.0,2,3,3,0
46,0,0,138,248,0,0,146,1,0.4,1,0,2,1
40,0,1,133,217,0,0,178,0,1.8,2,0,2,1
59,1,0,164,178,1,0,85,0,0.9,1,2,1,0
47,1,3,106,276,0,1,141,0,1.2,1,0,3,0
56,1,0,147,221,0,1,106,0,0.7,1,1,3,0
64,0,2,141,280,0,0,159,0,0.6,1,1,2,1
55,1,0,140,212,0,0,107,1,0.2,2,0,3,1
35,1,3,120,229,0,1,185,1,4.1,1,1,3,0
57,1,0,127,225,1,0,141,1,0.8,1,1,3,0
51,1,2,135,224,0,1,174,0,0.2,2,4,2,1
50,1,0,128,278,0,0,120,1,2.2,1,1,3,0
62,0,2,128,267,0,1,90,0,1.2,1,1,3,0
62,1,0,149,177,0,1,171,0,0.0,2,1,3,0
62,1,0,173,146,1,0,90,0,1.3,1,0,1,0
37,1,3,139,207,0,1,171,1,1.5,2,0,3,1
40,0,1,124,301,0,1,146,0,0.1,2,0,2,1
56,0,1,146,301,0,0,157,0,1.3,1,0,2,1
55,1,1,132,256,0,1,140,0,0.6,2,0,2,1
43,0,1,98,190,0,1,160,0,0.1,2,0,2,1
52,1,1,129,212,0,1,158,0,1.0,2,1,2,1
65,0,0,179,210,1,1,165,1,0.8,1,2,3,0
64,1,1,158,256,1,1,127,1,0.4,1,3,1,0
63,1,2,131,252,0,1,158,0,1.9,1,3,3,1
56,1,0,169,279,1,0,130,0,0.8,1,3,3,0
33,1,1,133,191,0,1,171,0,0.3,2,0,2,1
46,1,2,130,264,0,0,159,0,0.6,2,0,2,1
65,1,3,139,303,1,0,167,0,1.5,1,1,2,0
43,1,1,114,227,0,1,144,0,0.0,2,0,2,1
40,0,2,116,275,0,0,180,1,0.4,2,0,2,1
70,1,3,163,271,1,0,128,0,0.2,1,1,2,1
41,1,2,139,295,0,0,177,0,0.0,2,0,3,1
72,1,3,161,237,1,1,127,0,0.3,1,1,2,1
60,1,2,128,226,0,0,138,1,1.4,1,1,2,0
68,1,3,141,234,1,0,137,0,2.5,0,0,1,1
43,1,0,117,261,0,1,186,0,0.3,2,0,2,1
66,1,0,124,240,0,0,99,1,1.8,0,1,2,0
51,1,0,128,259,1,0,148,1,0.0,2,3,1,0
40,1,1,136,198,0,1,133,0,0.0,1,0,2,1
49,1,1,132,261,0,0,175,0,0.0,0,0,2,1
62,0,2,144,412,1,0,161,0,1.1,2,1,2,1
49,1,0,112,208,1,1,157,1,1.1,1,0,0,0
56,1,0,100,233,0,1,161,0,0.0,2,1,3,0
46,0,0,143,337,1,0,122,1,3.0,1,0,3,0
46,0,1,116,155,0,1,137,0,0.2,1,0,2,1
44,1,2,116,232,0,1,173,0,0.2,2,0,2,1
47,1,2,98,233,0,1,151,1,1.5,1,0,2,1
61,0,0,119,207,0,1,162,0,0.0,2,0,2,1
56,1,0,119,226,1,0,153,1,1.6,1,1,2,0
55,0,2,115,306,0,0,163,0,0.4,2,0,2,1
49,1,0,124,260,0,0,139,0,0.6,2,0,3,0
41,0,2,125,198,0,1,172,0,0.2,1,0,2,1
37,1,2,128,236,0,1,193,0,3.7,0,0,2,1
67,1,0,141,187,1,1,142,0,2.8,1,2,3,0
61,1,2,130,190,1,1,120,0,2.2,1,1,1,0
53,1,1,129,227,1,1,187,0,0.1,2,0,2,1
52,1,0,151,206,0,0,121,1,1.7,1,0,3,0
45,1,1,124,166,0,0,174,0,0.0,2,0,2,1
41,0,2,135,223,0,1,179,0,0.4,1,0,2,1
45,0,1,125,257,0,1,167,0,0.0,2,0,2,1
59,1,0,166,271,0,1,142,1,0.0,1,0,2,0
54,0,1,135,283,0,0,142,0,0.0,1,0,2,1
63,0,2,138,346,0,1,127,0,0.4,2,0,3,1
40,1,0,124,227,0,0,168,0,2.7,1,0,2,1
64,1,2,133,220,0,1,144,0,2.6,1,3,3,1
52,1,0,108,227,1,1,144,0,0.0,2,3,3,1
60,0,1,131,247,0,0,188,0,0.0,1,1,2,0
56,1,0,129,270,1,0,148,1,1.5,1,1,2,0
45,1,0,113,251,0,0,191,0,0.0,2,0,2,1
51,0,2,126,262,0,0,144,0,0.8,1,0,3,1
61,0,0,141,281,0,0,162,0,4.1,0,2,2,0
38,1,0,122,202,0,1,137,0,0.8,1,0,3,0
58,1,0,135,214,0,0,129,1,2.5,1,2,2,0
50,0,2,143,316,0,0,144,0,1.1,1,1,2,1
64,1,2,131,250,0,0,125,0,3.5,1,1,3,0
50,1,0,132,305,0,1,110,1,3.6,1,3,3,0
71,0,2,113,254,1,0,136,0,0.2,2,1,2,1
64,1,3,164,235,0,0,159,0,1.0,1,0,3,1
60,1,1,124,254,0,1,144,0,0.5,2,0,3,0
65,0,0,184,240,1,1,147,1,0.6,1,2,3,0
57,1,0,119,197,0,0,124,1,2.2,1,1,3,0
58,1,2,180,346,0,2,114,1,3.6,1,0,2,0
52,1,3,163,306,1,1,180,0,1.2,1,0,3,1
49,1,3,112,194,0,0,183,0,0.5,1,0,1,1
53,1,2,120,176,0,1,120,0,0.5,2,0,2,1
52,1,1,102,287,0,1,150,0,0.8,2,0,3,1
52,0,1,136,235,0,1,157,0,1.0,2,0,2,1
61,1,0,129,246,0,1,139,1,1.3,2,1,3,0
54,0,2,153,199,0,1,164,0,0.0,2,1,2,1
42,1,3,141,182,0,1,182,1,2.0,2,0,3,1
38,0,2,119,280,0,0,161,1,0.3,2,0,2,1
52,0,1,130,243,0,0,167,0,2.2,1,0,2,1
41,0,1,105,206,0,1,157,0,0.0,2,1,2,1
52,1,0,133,261,0,0,171,0,0.3,2,3,2,1
66,1,0,108,206,0,0,137,1,0.2,2,1,3,0
43,1,0,135,287,0,1,119,1,1.7,1,0,3,0
59,1,0,129,186,0,1,135,1,0.0,1,0,2,0
37,1,1,114,251,0,1,154,0,0.0,2,0,2,1
65,0,2,153,275,0,1,150,0,1.4,2,0,2,1
65,1,0,134,269,0,1,94,1,0.7,1,1,3,1
71,1,0,102,291,0,0,118,1,0.6,1,2,2,0
69,1,2,130,338,0,0,100,0,2.6,1,3,2,0
61,1,0,135,220,0,0,151,0,0.2,1,4,3,1
69,1,1,151,172,0,1,127,0,2.6,1,0,3,0
63,0,0,128,176,0,1,139,1,0.0,1,0,2,0
43,1,1,122,215,0,1,165,0,0.0,2,0,2,1
53,1,0,117,195,0,1,109,0,1.7,1,1,3,0
63,0,0,119,203,0,1,129,1,0.3,1,0,2,0
58,1,2,134,209,0,0,169,0,3.0,2,2,3,0
54,1,1,119,310,0,0,163,0,0.4,2,0,2,1
58,1,3,166,278,0,0,159,0,0.9,1,0,3,0
69,1,1,161,251,0,1,124,1,0.1,1,3,1,0
61,1,0,141,222,0,0,128,0,2.1,1,0,2,0
59,1,2,128,249,0,1,135,0,0.4,1,1,3,0
59,0,0,140,251,0,0,118,1,0.3,1,0,3,0
59,0,0,150,222,0,0,162,0,2.8,1,2,3,0
56,1,0,132,281,0,1,117,1,3.0,1,0,2,0
72,0,2,110,253,1,0,134,0,0.4,2,1,2,1
45,1,0,133,303,0,1,129,1,1.6,1,0,1,0
51,0,1,128,288,0,1,164,0,0.5,1,0,2,1
35,1,3,114,184,0,1,184,0,0.3,2,0,2,1
50,0,3,152,282,1,1,161,0,1.5,1,0,3,1
58,1,0,120,256,0,0,152,1,2.4,1,1,3,0
47,1,0,110,296,0,0,169,0,0.7,2,0,2,1
48,0,2,124,220,0,1,157,0,1.7,1,0,2,1
42,1,3,148,249,0,0,176,0,0.8,1,2,2,1
45,1,0,120,164,0,0,116,1,2.6,1,0,2,0
41,0,2,115,232,0,1,163,0,0.6,2,0,2,1
44,0,1,125,195,0,0,151,0,1.5,2,0,2,1
53,1,2,130,273,0,0,148,0,0.8,0,0,2,1
73,1,1,164,261,0,0,129,0,0.6,2,0,2,1
55,0,2,115,271,0,0,166,0,-0.0,2,0,2,1
43,1,0,133,246,1,0,153,1,0.3,1,4,3,0
61,1,0,155,188,0,1,153,0,0.0,2,1,3,0
48,1,2,120,264,0,0,162,0,0.3,1,0,3,0
38,0,2,121,199,0,1,173,0,-0.0,2,1,2,1
70,0,2,118,450,0,0,156,0,2.3,1,0,3,1
63,1,0,143,187,0,0,147,1,3.8,2,2,3,0
52,0,0,130,256,0,0,142,0,0.0,1,0,2,1
54,1,0,143,231,0,0,111,1,0.4,2,2,3,1
58,0,2,104,260,0,0,165,0,0.1,2,0,2,1
45,1,1,119,264,0,1,185,0,0.0,2,0,3,1
49,0,0,113,251,0,0,163,0,0.2,2,0,2,1
68,1,3,142,311,0,0,171,0,1.2,1,1,2,0
50,1,2,127,226,0,0,161,0,2.7,1,0,2,1
57,1,2,145,181,0,0,160,0,2.8,2,0,2,0
60,0,2,122,242,0,1,94,0,0.9,1,1,3,0
57,1,1,191,305,0,0,193,0,0.0,2,1,3,0
47,0,1,106,204,0,1,168,0,0.2,2,0,2,1
59,1,0,136,255,0,0,119,0,3.0,1,1,3,0
68,0,0,115,143,0,1,132,0,1.9,1,0,2,1
64,0,3,145,233,0,1,115,0,2.3,1,0,2,1
53,1,1,132,217,1,1,185,0,0.0,2,0,2,1
56,1,0,136,342,0,1,140,1,1.6,1,1,3,0
40,1,1,108,226,0,1,153,0,0.0,2,0,2,1
70,1,3,136,287,1,0,169,0,1.8,1,1,2,0
46,1,2,125,187,0,1,171,0,0.4,2,0,2,1
59,1,2,109,256,0,0,156,0,2.2,1,1,3,0
59,0,0,145,306,0,0,151,1,1.4,1,0,3,0
62,1,2,123,221,1,1,142,0,2.6,1,1,1,0
66,1,0,121,189,0,0,137,1,0.1,2,1,2,0
44,1,0,137,315,0,1,112,1,0.9,1,2,3,0
44,0,1,113,171,0,1,146,0,-0.0,1,0,2,1
51,1,2,127,274,0,1,163,0,0.9,2,0,2,1
56,1,2,134,219,0,0,172,0,3.1,2,2,3,0
66,1,0,167,288,0,0,107,1,1.9,1,3,2,0
54,0,0,132,280,0,0,165,0,0.3,1,0,2,1
51,0,2,102,200,0,1,161,0,1.8,1,0,2,1
55,1,0,161,272,0,0,148,1,0.5,1,1,3,0
60,1,2,145,191,1,0,169,0,0.3,2,0,2,1
47,1,0,117,217,0,1,136,0,0.4,2,0,2,1
72,1,0,134,315,0,0,112,0,1.8,1,3,2,0
52,0,1,135,362,0,1,160,0,1.1,2,0,2,1
46,1,1,93,209,1,1,155,0,0.3,2,0,3,1
47,0,0,147,241,0,0,149,1,0.0,1,0,2,1
52,1,2,114,242,0,1,149,0,0.3,1,0,3,1
44,0,1,104,181,0,1,173,0,0.0,2,0,2,1
55,1,1,124,257,0,0,180,0,0.0,1,1,2,0
41,1,0,99,167,0,0,159,0,0.0,2,0,3,0
54,0,1,134,257,0,0,164,0,1.6,1,0,2,1
60,1,0,143,216,0,1,114,1,6.0,0,1,3,0
58,1,0,155,271,0,1,88,1,0.7,1,1,3,0
39,1,2,128,213,1,1,177,0,0.3,2,0,2,1
57,0,2,120,206,0,1,114,0,0.0,1,0,0,1
42,0,2,131,211,0,1,176,0,0.2,1,0,2,1
44,1,0,144,339,0,1,119,1,2.0,1,0,2,0
32,1,0,126,258,0,0,153,1,0.1,2,0,3,0
47,1,0,121,282,0,0,192,0,0.2,2,0,2,1
60,0,0,198,304,1,0,122,1,3.7,0,2,3,0
56,1,2,148,170,1,1,173,0,1.5,2,0,2,1
48,1,0,129,230,0,0,198,0,0.7,2,0,2,1
44,0,2,141,190,0,0,154,1,1.9,0,0,2,1
66,0,2,141,307,0,1,130,0,1.0,2,0,3,1
55,1,3,120,181,0,0,173,0,-0.0,1,0,1,1
45,0,2,126,260,0,1,143,0,0.2,2,0,2,1
58,1,2,136,210,0,0,169,0,0.0,2,0,2,1
43,1,3,114,253,0,1,140,0,0.9,1,0,3,0
38,0,1,99,195,0,1,177,0,0.4,2,1,2,1
59,1,0,130,304,1,0,88,1,1.2,0,0,3,0
55,1,1,124,206,0,1,181,0,0.7,1,0,2,1
53,1,0,128,260,0,1,161,1,0.0,2,1,2,0
43,1,2,116,257,0,1,174,0,0.0,2,0,2,1
56,1,0,108,223,0,0,169,0,2.4,1,1,3,0
39,1,2,141,220,0,0,189,0,0.1,2,0,2,1
42,0,2,110,280,0,0,171,1,0.2,2,0,2,1
67,1,0,136,219,0,0,137,0,1.9,1,2,1,0
61,0,0,138,310,0,1,129,0,1.5,0,2,2,1
49,1,1,111,206,0,1,164,0,1.1,0,0,3,0
58,0,0,96,236,0,0,126,0,1.3,1,0,2,1
41,1,0,117,199,0,1,146,0,1.5,1,0,3,0
49,1,1,126,264,0,1,176,0,1.1,2,0,2,1
43,0,2,136,177,0,0,169,1,1.5,1,0,2,1
48,1,1,132,261,0,1,179,0,0.3,2,0,2,1
60,1,0,152,413,0,0,150,0,3.7,1,3,3,0
66,1,0,161,282,0,0,111,1,1.4,1,0,2,0
63,1,0,145,215,0,1,157,0,0.0,2,1,2,0
42,1,2,128,244,0,0,177,1,0.4,2,0,2,1
63,1,0,136,172,0,1,154,1,0.3,2,1,3,0
63,1,0,115,240,1,1,155,1,1.5,2,1,3,0
56,1,0,125,272,0,1,87,1,1.7,1,2,3,0
55,1,0,132,288,0,0,154,0,0.2,2,1,2,1
56,1,0,111,200,0,1,135,1,1.8,1,0,1,1
49,0,0,135,276,0,1,131,0,0.1,2,0,2,1
52,1,0,142,280,0,1,178,1,0.9,2,0,3,0
37,1,0,120,182,0,1,126,1,1.5,1,0,3,0
66,1,2,115,280,0,1,149,0,0.7,2,1,3,1
68,0,2,152,269,0,0,156,0,0.0,1,0,2,1
58,1,1,108,265,0,0,100,0,2.1,1,1,3,0
53,1,2,136,212,0,0,175,0,2.6,2,2,3,0
53,1,2,100,242,0,1,161,1,-0.0,2,1,3,1
60,1,0,143,199,0,1,168,0,0.2,2,3,3,0
57,0,0,95,251,0,0,118,0,1.5,1,0,2,1
58,0,0,141,229,0,1,114,1,0.0,1,0,3,0
66,0,0,181,323,0,1,158,1,0.6,2,0,2,1
41,1,0,117,209,0,0,110,1,2.4,1,0,3,0
40,1,3,143,176,0,1,181,1,1.6,2,0,3,1
51,1,2,114,132,0,0,123,0,0.9,2,3,2,0
58,1,0,117,207,0,1,156,0,0.4,2,1,2,0
49,1,0,114,196,0,1,119,0,1.2,1,1,3,0
40,0,1,106,187,0,1,166,0,0.5,2,1,2,1
53,1,2,150,227,0,1,192,0,0.9,2,0,2,1
58,1,0,154,298,0,0,155,1,2.8,1,2,3,0
66,0,2,144,226,0,0,177,0,0.6,2,0,2,1
58,1,3,127,183,0,0,176,0,2.2,2,0,3,1
64,0,0,175,213,1,1,172,1,1.5,1,2,3,0
59,1,2,139,191,1,0,163,0,-0.0,2,0,2,1
50,0,1,133,281,0,1,162,0,0.6,1,0,2,1
54,0,0,128,412,0,0,146,1,1.0,1,2,3,0
51,0,2,160,195,1,1,159,0,0.5,2,0,3,1
54,0,2,148,335,0,0,142,0,1.2,2,1,2,1
61,0,0,171,243,1,0,151,1,3.0,1,2,1,0
64,1,1,124,225,0,1,137,0,0.3,1,4,3,1
54,1,1,124,243,0,1,175,0,0.0,0,0,2,1
43,0,0,138,365,1,0,137,1,2.8,1,0,3,0
40,1,2,91,196,0,1,185,0,0.5,2,0,2,1
55,0,1,137,299,1,0,156,1,0.0,2,1,2,1
64,0,0,127,217,0,1,132,1,-0.0,1,0,2,0
41,1,2,116,278,0,1,188,0,-0.0,2,0,2,1
54,0,1,133,312,1,0,153,1,0.6,2,0,2,1
62,1,0,130,222,0,0,133,1,2.2,1,3,3,0
60,1,0,127,246,0,0,151,0,1.3,1,1,3,0
62,1,0,124,243,1,1,160,1,2.4,2,2,3,0
66,0,0,136,315,0,1,113,0,2.0,1,1,2,1
61,1,0,127,213,0,0,141,1,2.4,1,2,3,0
62,1,1,116,295,1,0,99,0,1.2,1,1,3,0
42,1,2,119,249,1,1,202,0,0.8,0,0,3,1
63,1,0,121,255,1,1,163,0,1.4,1,2,3,0
59,1,2,122,221,0,0,139,0,0.6,1,1,3,0
52,1,3,132,210,0,0,131,1,1.7,2,1,2,1
53,1,0,121,187,0,1,119,0,1.3,1,1,3,0
65,1,0,125,262,1,1,162,0,0.0,1,2,3,0
48,0,2,123,299,0,0,154,0,0.5,2,0,2,1
49,0,1,123,235,0,1,163,0,1.2,2,0,2,1
42,1,0,106,210,0,1,171,0,0.0,2,0,3,1
52,0,0,124,286,0,1,161,0,0.2,2,0,2,1
63,0,0,131,398,0,0,148,0,1.4,1,0,2,1
57,0,0,136,247,0,1,115,1,0.0,1,0,3,0
54,0,2,129,199,0,0,113,0,0.0,2,0,0,1
51,1,2,125,177,0,1,146,0,2.4,1,3,3,0
43,1,2,122,218,0,0,163,0,2.6,1,0,2,1
67,0,2,158,367,0,0,161,0,1.4,2,0,2,1
59,1,0,148,289,0,0,169,0,1.1,1,2,3,0
48,0,2,116,222,0,1,149,1,1.9,1,0,2,1
57,1,0,125,207,0,1,177,1,0.3,2,0,3,1
32,0,1,115,219,0,1,196,0,0.8,2,0,2,1
62,1,3,139,224,0,1,141,0,2.4,1,2,2,0
64,1,0,117,288,0,1,103,1,1.6,1,2,3,0
47,0,0,131,238,0,0,153,1,0.5,1,0,2,1
61,1,2,147,162,0,0,162,0,2.8,1,0,2,0
50,1,2,119,183,0,1,133,0,2.0,1,3,3,0
47,1,0,149,190,0,0,132,0,1.3,1,2,3,0
46,0,2,108,135,0,1,174,0,0.8,1,0,2,1
57,0,0,170,224,1,0,155,1,2.6,1,2,1,0
56,1,2,140,248,1,0,169,0,0.3,2,3,2,1
53,1,1,116,351,0,1,161,0,0.5,2,0,2,1
69,1,3,137,280,1,0,179,0,2.0,1,1,2,0
55,1,1,132,240,0,0,183,0,0.0,1,1,2,0
57,1,0,110,347,0,1,143,1,3.3,1,1,3,0
49,1,2,126,201,0,0,121,1,1.4,2,1,2,1
53,1,0,127,270,0,1,154,1,0.0,2,1,3,0
39,0,1,115,151,0,1,181,0,0.0,2,0,2,1
60,0,0,146,226,0,1,162,1,1.3,0,0,2,0
68,1,0,126,290,0,0,155,0,1.0,1,0,2,1
62,1,0,109,301,0,1,160,0,0.5,1,0,2,1
51,1,0,108,237,0,1,122,1,2.8,1,1,1,0
58,0,0,99,247,0,0,111,0,1.0,1,0,2,1
53,1,1,116,319,0,1,175,0,0.0,2,0,2,1
60,0,0,170,273,0,1,146,1,0.0,1,0,2,0
56,1,0,148,270,0,0,110,1,0.8,2,0,3,0
43,1,1,133,339,0,0,175,0,0.2,2,0,2,1
53,0,2,132,273,0,0,152,0,0.2,2,0,2,1
65,1,0,160,282,0,0,109,1,1.1,1,3,2,0
56,1,1,190,283,0,0,189,0,0.2,2,1,3,0
63,1,1,121,202,1,0,145,0,0.1,2,0,2,1
43,0,2,105,149,0,1,180,0,0.6,1,0,2,1
39,1,0,129,296,0,1,183,0,2.1,1,0,2,1
59,1,0,158,267,0,0,115,1,1.0,2,0,3,0
54,1,2,171,229,1,1,154,0,0.0,2,0,3,1
67,1,0,142,194,1,1,144,0,4.1,1,2,3,0
63,0,0,151,208,0,0,119,0,0.8,1,3,2,0
56,0,2,136,206,1,0,174,0,-0.0,2,0,2,1
59,1,0,112,334,0,1,140,1,3.2,1,1,3,0
46,1,2,154,227,0,1,151,0,3.4,1,0,2,0
49,1,2,100,205,0,1,138,1,1.6,1,0,2,1
59,0,0,116,350,0,1,136,1,1.1,2,0,2,1
53,1,0,123,258,0,0,113,0,2.3,1,2,3,0
56,1,0,148,292,0,0,110,1,0.3,1,1,1,0
58,0,0,181,229,0,1,144,1,0.1,1,0,2,0
52,0,0,122,261,0,0,153,0,0.8,2,0,2,1
34,1,2,127,245,0,1,196,0,3.6,0,0,2,1
47,1,3,111,295,0,1,130,0,1.3,1,0,3,0
49,1,2,111,148,0,0,135,0,0.6,2,3,3,0
36,0,2,134,208,0,1,153,0,0.0,1,0,2,1
62,1,0,120,283,0,1,102,1,2.0,1,2,3,0
64,1,3,167,227,0,1,159,0,0.7,1,0,3,1
56,0,0,145,273,0,0,186,0,0.0,2,0,2,1
50,1,2,91,211,0,1,155,1,0.2,2,1,3,1
58,0,0,139,230,0,1,122,1,0.0,1,0,3,0
51,1,0,150,249,0,0,138,0,3.2,1,0,3,0
60,1,0,136,223,0,0,157,0,2.8,2,2,3,0
58,1,2,178,227,0,1,137,1,0.0,1,0,2,0
50,1,0,149,241,0,0,117,0,2.5,1,0,3,0
63,1,3,173,291,0,0,151,0,0.3,1,0,3,0
69,1,0,159,305,0,1,106,1,1.2,1,3,2,0
59,1,0,127,338,1,0,122,1,1.4,2,3,3,0
43,1,0,124,200,0,1,146,0,0.3,2,0,2,1
56,1,0,135,364,0,1,137,1,0.9,1,1,3,0
54,0,2,122,266,0,0,155,0,0.8,0,1,2,1
44,1,2,137,249,0,0,176,0,0.0,2,0,2,1
57,0,0,127,408,0,0,146,1,1.7,1,2,3,0
43,0,2,119,199,0,1,167,0,0.4,1,0,2,1
65,1,2,137,269,0,0,168,0,0.0,2,0,2,1
65,1,2,143,254,0,0,145,0,2.0,1,3,3,0
47,1,0,148,304,0,1,128,1,4.1,1,3,3,0
47,0,2,127,279,0,1,136,0,0.4,2,0,2,1
56,0,0,200,320,1,0,134,1,3.9,0,2,3,0
51,0,0,132,220,0,0,152,0,0.0,2,0,2,1
54,1,0,140,261,0,0,187,1,0.0,1,0,2,1
54,1,0,123,288,0,1,101,1,2.3,1,2,3,0
66,1,0,132,277,0,1,105,1,0.0,1,1,3,1
49,1,1,136,226,0,0,153,0,1.1,2,1,2,1
59,1,2,102,221,0,0,164,0,2.4,1,1,3,0
60,0,1,131,238,0,0,170,0,0.2,1,1,3,0
36,1,3,149,241,0,0,173,0,0.4,2,2,2,1
52,1,2,126,140,0,0,129,0,1.2,2,3,2,0
51,0,1,124,313,0,0,156,0,0.6,2,0,2,1
42,0,0,127,335,1,0,137,1,3.2,1,0,3,0
51,1,0,90,256,0,1,161,0,0.4,2,1,3,0
71,1,1,161,264,0,0,140,0,0.0,2,0,2,1
58,1,0,137,261,0,0,177,0,0.4,2,0,2,1
70,1,2,143,268,0,0,149,0,1.6,1,3,3,0
50,0,2,127,311,0,0,162,0,0.5,2,0,2,1
44,1,1,112,291,0,1,157,0,0.0,2,0,2,1
64,0,3,155,222,0,1,123,0,2.1,0,0,2,1
62,1,0,132,269,0,1,144,1,1.4,2,1,3,0
43,1,0,102,173,0,0,113,1,1.5,1,0,3,0
38,1,2,147,182,0,1,174,0,0.0,2,4,2,1
56,1,2,130,248,0,1,169,0,4.1,2,2,3,0
40,1,2,106,258,0,1,187,0,0.2,2,0,2,1
47,1,0,118,242,0,0,137,0,0.8,2,0,3,0
60,0,2,148,156,0,1,169,0,1.7,2,0,2,1
48,0,1,113,235,0,1,157,0,0.0,2,0,2,1
44,1,2,103,240,0,1,160,0,0.1,2,0,2,0
63,1,0,146,259,0,0,190,0,0.5,2,0,2,1
58,1,0,131,245,0,1,158,0,0.7,1,0,3,1
41,1,0,115,154,0,0,104,1,2.5,1,0,3,0
61,1,0,123,259,0,1,117,1,0.0,1,1,3,1
46,1,1,97,185,1,1,166,0,0.0,2,0,3,1
61,1,2,142,182,0,0,155,0,2.9,1,0,2,0
67,0,0,175,259,1,1,160,1,0.4,1,2,0,0
66,0,2,157,291,0,1,139,0,1.2,2,0,2,1
46,1,2,138,255,0,0,155,1,0.3,2,0,2,1
47,0,0,109,238,0,0,159,0,0.7,2,0,2,1
59,1,0,147,221,0,1,99,0,1.5,1,1,3,0
52,1,0,123,214,1,0,141,1,0.1,2,2,3,0
42,1,2,143,230,0,1,151,1,3.3,1,0,2,0
44,1,0,127,187,0,0,118,1,2.7,1,0,3,0
53,1,0,126,293,0,0,129,1,3.2,1,2,2,0
46,0,0,137,247,0,0,151,1,0.0,1,0,2,1
62,1,0,135,251,0,0,126,0,2.4,1,1,3,0
50,0,1,115,186,0,1,164,0,0.5,2,0,2,1
59,0,0,148,267,0,0,158,0,2.3,1,2,3,0
58,1,0,156,281,0,0,111,1,0.0,1,1,1,0
50,0,0,132,279,0,1,144,1,0.9,1,0,3,0
64,0,0,119,275,0,1,158,1,1.8,1,2,2,0
46,0,2,134,268,0,1,160,0,0.0,2,0,2,1
60,1,0,119,228,1,1,158,1,1.1,2,2,3,0
53,1,2,133,258,0,0,153,0,0.4,1,0,3,1
45,1,0,132,324,0,1,116,1,2.4,1,0,1,0
69,0,0,107,210,0,1,148,0,0.1,2,2,2,1
65,0,2,135,310,0,1,138,0,0.4,2,0,2,1
46,0,1,132,269,0,1,163,0,1.0,1,0,2,1
42,1,1,117,228,0,1,174,0,0.1,2,0,2,1
63,1,0,128,188,0,0,135,0,2.1,1,2,1,0
45,0,2,119,256,0,1,152,0,0.4,1,1,2,1
73,0,2,109,266,1,0,130,0,0.0,2,1,2,1
60,1,0,135,210,0,2,130,1,1.7,1,1,3,0
41,1,1,126,218,0,1,192,0,0.0,2,0,2,1
56,1,0,114,269,0,0,116,1,2.2,1,1,3,0
47,1,0,114,219,0,1,162,0,0.2,2,1,2,0
52,1,2,125,235,1,0,161,0,2.1,1,0,2,1
50,1,0,143,265,0,1,112,1,4.5,1,3,3,0
36,1,3,119,228,0,1,178,1,3.9,1,0,3,0
62,1,2,142,181,0,0,151,0,2.9,1,0,3,0
49,1,0,114,260,0,0,111,1,0.7,1,1,2,0
57,0,1,132,233,0,0,173,0,0.0,1,1,2,0
58,0,0,131,308,0,0,158,0,0.2,1,1,2,1
59,0,0,135,296,0,1,152,0,0.5,2,1,2,1
65,0,2,130,314,0,1,135,0,0.1,2,0,3,1
65,1,2,98,280,0,0,138,1,1.1,1,2,2,0
63,1,3,153,259,1,0,141,1,2.6,0,0,1,1
54,1,0,164,298,0,0,140,1,0.3,1,1,3,0
44,1,0,114,195,0,1,162,0,0.4,2,0,3,1
47,1,2,109,215,0,1,155,0,1.8,1,0,2,1
61,1,0,124,313,0,0,174,0,0.0,2,2,3,0
48,1,1,105,251,0,1,174,0,1.2,0,0,3,0
40,0,2,99,193,0,1,178,0,0.4,2,0,2,1
64,0,0,113,249,0,1,70,0,1.0,1,0,2,0
60,1,0,142,215,0,1,161,0,0.6,2,1,3,0
39,1,0,145,236,0,1,185,0,0.0,2,0,3,0
65,1,0,153,185,1,1,145,1,4.1,1,2,3,0
30,0,1,119,220,0,1,196,0,0.4,2,0,2,1
65,1,2,166,257,0,1,117,1,2.9,1,1,3,0
69,1,2,157,281,0,1,104,1,3.2,1,1,3,0
51,0,3,110,251,1,0,164,0,0.0,2,0,2,1
67,1,0,110,222,0,0,137,1,0.0,2,1,2,0
45,1,0,122,267,0,0,189,0,0.1,2,0,2,1
47,1,2,122,220,0,1,166,0,0.0,2,0,2,1
47,1,2,115,237,0,0,185,0,0.1,2,0,2,1
63,0,2,161,340,0,0,142,0,1.1,2,0,2,1
48,1,0,138,180,0,0,126,1,0.8,1,0,3,0
55,1,3,128,221,0,0,132,1,1.0,2,1,2,1
59,0,0,137,186,0,1,132,0,0.9,1,0,2,1
58,0,0,134,264,1,1,115,0,1.6,1,3,2,0
45,1,1,115,213,0,1,164,0,0.0,2,0,2,1
63,1,0,129,270,0,1,103,1,0.1,1,1,3,1
41,1,2,142,180,0,0,165,0,1.9,1,0,2,1
70,1,1,167,238,0,1,119,1,0.0,1,3,1,0
53,0,0,134,204,1,0,167,0,0.1,2,0,2,1
68,1,2,127,320,0,1,128,1,1.4,1,0,3,0
53,1,1,198,294,0,0,203,0,0.0,2,1,3,0
47,1,0,102,232,0,1,173,0,0.0,2,0,3,1
63,0,0,128,217,0,1,137,1,0.0,1,0,2,0
44,0,1,129,209,0,0,179,0,1.8,2,0,2,1
45,0,2,116,218,1,1,152,0,-0.0,1,1,2,1
40,0,2,117,207,0,1,176,0,0.6,1,0,2,1
50,1,2,135,266,1,0,176,0,0.2,2,3,2,1
54,1,0,149,278,0,1,185,1,0.0,2,0,3,1
75,0,2,110,132,0,1,123,0,1.4,1,0,2,1
50,0,1,132,228,0,0,167,0,1.5,1,0,2,1
41,1,2,127,210,0,0,168,0,2.0,1,0,2,1
63,1,0,135,270,1,1,96,0,1.1,1,3,2,0
68,1,0,140,276,1,0,176,0,1.3,1,0,2,0
52,0,2,125,294,0,0,155,0,1.0,2,0,2,1
43,1,2,130,164,0,1,164,0,0.2,2,4,2,1
62,0,0,137,289,1,1,100,0,1.2,1,3,2,0
67,0,2,145,288,0,0,153,0,0.1,1,1,2,1
54,0,2,163,191,0,1,169,0,0.1,2,1,2,1
63,0,2,139,410,1,0,156,0,0.9,2,1,2,1
65,1,0,107,319,0,0,127,1,1.2,1,0,2,0
39,1,1,123,294,0,0,181,0,0.0,2,0,2,1
61,1,0,112,187,0,1,131,1,1.7,1,0,1,1
49,0,1,128,233,0,0,178,0,0.3,1,0,2,1
40,1,3,147,226,0,0,179,0,0.5,2,2,2,1
44,0,0,145,205,0,0,157,1,0.4,1,0,2,1
68,0,0,181,239,1,1,167,1,1.1,1,2,3,0
64,0,2,136,283,1,1,138,0,0.6,2,0,3,1
49,0,2,129,268,0,0,146,0,0.4,2,0,2,1
53,1,1,197,300,0,0,191,0,0.3,2,1,3,0
66,1,0,133,322,1,0,138,1,2.2,2,3,3,0
64,1,3,170,231,0,0,145,0,1.2,1,0,3,1
61,1,3,137,227,0,1,145,0,3.0,1,2,2,0
40,1,1,123,309,0,1,166,0,0.0,2,0,2,1
66,0,1,139,204,0,1,185,0,0.1,2,2,2,1
57,0,1,125,242,0,0,164,0,0.0,1,1,2,0
62,1,0,121,268,0,1,130,1,3.8,1,1,3,0
58,0,1,130,298,1,0,152,0,0.0,2,2,2,0
53,0,1,132,266,0,0,169,0,1.6,1,0,2,1
59,1,1,143,221,0,1,160,1,0.0,2,0,2,1
58,1,3,167,269,0,0,126,0,0.3,1,0,2,0
58,1,2,149,134,1,1,176,0,0.9,2,1,3,1
47,1,1,116,318,0,0,161,0,0.0,2,0,2,1
54,0,2,101,249,0,0,174,0,0.1,2,0,2,1
49,1,2,155,216,0,1,144,0,3.7,1,0,2,0
60,0,0,150,315,0,1,146,1,1.0,1,0,3,0
39,1,3,118,172,0,1,185,0,0.0,2,0,2,1
64,1,0,128,272,0,1,106,0,1.1,1,1,3,1
56,1,2,147,172,0,1,185,0,1.7,2,0,2,1
59,1,0,118,275,0,1,149,1,3.1,1,1,3,0
52,0,0,134,315,0,1,136,1,1.0,1,0,3,0
42,0,1,119,227,0,0,161,0,1.1,2,0,2,1
55,0,0,127,218,0,2,125,1,2.5,1,1,3,0
58,1,0,153,224,0,1,89,0,1.9,1,0,3,0
55,1,2,162,125,1,1,161,0,0.0,2,1,3,1
49,0,2,148,292,0,0,139,0,1.7,2,2,2,1
71,1,1,161,228,0,1,112,1,0.3,1,3,1,0
58,1,2,124,233,0,1,141,0,2.2,1,1,1,0
35,1,2,125,240,0,1,191,0,3.8,0,0,2,1
50,0,2,120,236,0,1,170,0,1.8,2,0,2,1
54,1,1,133,218,1,1,184,0,-0.0,2,0,2,1
57,0,0,122,280,0,0,155,0,0.3,2,0,2,1
58,1,0,104,244,0,1,148,0,0.0,2,1,3,0
43,1,2,135,178,0,1,153,0,0.1,2,0,2,1
61,1,1,127,252,0,1,145,1,0.0,2,0,3,0
50,1,1,113,305,0,1,164,0,0.0,2,0,2,1
56,0,1,130,342,0,1,178,0,1.1,2,0,2,1
61,1,1,130,235,0,1,135,0,-0.0,1,4,2,1
54,1,2,133,249,1,0,168,0,-0.0,2,3,2,1
64,1,3,102,230,0,0,130,1,2.2,1,0,2,1
58,1,0,116,223,1,1,158,1,1.6,2,2,3,0
63,1,1,131,195,1,0,137,0,0.1,2,0,2,1
34,0,2,126,222,0,1,154,0,0.0,2,0,2,1
39,1,2,126,239,0,1,185,0,4.0,0,0,2,1
65,1,0,104,316,0,0,119,1,1.3,1,2,2,0
70,1,2,116,258,0,1,135,0,1.3,2,1,3,1
51,1,0,124,178,0,0,115,1,2.0,1,1,1,0
38,0,2,131,225,0,1,155,0,0.1,1,0,2,1
40,1,2,135,244,0,1,178,1,0.1,2,0,2,1
59,1,0,162,206,1,0,107,0,1.2,1,1,1,0
67,1,0,124,254,0,0,105,1,0.5,1,1,3,1
59,1,0,109,257,0,1,167,0,0.2,2,1,3,0
58,0,0,134,324,1,0,163,0,0.0,2,2,2,0
54,1,0,137,186,0,1,171,0,0.2,2,0,2,1
58,0,0,200,287,1,0,122,1,4.0,0,2,3,0
50,1,2,121,242,0,0,166,0,2.6,1,3,2,1
37,1,2,138,185,0,1,167,0,0.0,2,4,2,1
62,1,2,124,221,0,1,155,0,1.2,1,3,3,1
71,0,2,108,254,1,0,128,0,0.2,2,1,2,1
55,0,0,195,249,1,0,130,1,4.1,0,2,3,0
40,1,3,121,225,0,1,183,1,3.9,1,0,3,0
55,1,2,120,210,1,1,149,0,2.8,1,1,1,0
65,1,2,181,285,1,0,151,1,1.3,1,0,3,0
59,1,3,176,283,0,0,156,0,0.3,1,1,3,0
51,1,0,124,239,0,1,177,0,0.0,2,0,2,1
55,1,0,130,242,0,0,122,1,3.3,1,2,2,0
55,1,1,124,257,0,1,175,0,1.0,2,0,2,1
54,1,0,121,274,0,0,111,1,2.0,1,0,3,0
47,0,1,115,210,0,1,173,0,0.0,0,0,2,1
45,1,1,131,192,0,1,128,0,-0.0,1,0,1,1
61,1,2,119,308,0,2,135,0,4.3,0,3,1,0
58,1,1,135,219,0,0,175,0,0.2,2,0,3,1
61,1,2,103,237,0,0,146,1,1.1,1,0,3,1
68,1,0,124,245,0,0,139,1,2.1,1,2,3,0
61,1,0,138,210,0,0,138,1,2.1,2,1,3,0
43,0,0,136,226,0,0,145,1,0.6,1,0,2,1
61,1,0,135,244,0,0,125,1,2.6,1,2,3,0
62,0,0,102,221,0,1,141,0,0.3,2,2,2,1
37,0,2,140,193,0,1,162,0,0.7,2,0,2,1
69,1,3,156,239,0,0,129,0,0.0,1,1,2,1
57,0,1,143,297,1,0,150,0,0.3,2,2,2,0
44,1,0,116,209,0,1,177,0,0.0,2,1,2,0
54,1,0,115,275,0,1,126,1,3.0,1,1,3,0
48,1,2,105,223,0,1,156,0,-0.0,2,0,2,0
52,1,2,146,230,0,1,160,0,0.3,1,1,3,0
61,1,0,172,338,0,0,124,1,3.4,0,0,3,0
30,1,1,136,172,0,0,195,0,0.5,1,0,2,1
74,0,2,107,288,1,0,114,0,0.3,2,1,2,1
60,0,3,150,261,0,1,122,0,2.7,0,0,2,1
52,0,0,138,202,1,1,157,1,1.0,1,0,0,0
57,1,0,141,243,0,1,159,0,0.9,2,0,2,1
54,1,3,111,168,0,1,132,0,1.2,2,0,2,1
61,1,3,162,286,0,0,130,0,0.2,2,0,2,0
49,1,3,128,220,0,0,120,1,1.7,2,1,2,1
63,0,2,135,267,0,1,102,0,0.9,1,1,3,0
37,1,1,118,229,0,1,188,0,0.0,2,0,2,1
62,0,2,132,248,0,0,171,0,0.0,2,0,2,1
66,0,2,149,269,0,1,172,0,0.0,2,1,2,1
57,0,1,130,294,1,0,156,1,-0.0,2,1,2,1
56,0,0,129,205,0,1,125,0,0.3,1,0,2,1
59,1,0,126,196,0,1,158,1,0.2,2,0,3,1
60,1,0,145,292,0,0,122,1,0.3,1,1,1,0
51,1,1,133,209,1,1,179,0,0.0,2,0,2,1
39,1,2,122,198,0,1,166,0,0.3,1,0,2,1
40,0,2,115,280,0,0,187,1,0.3,2,0,2,1
50,0,2,107,270,0,0,160,0,0.0,2,0,2,1
46,1,0,130,248,0,0,159,0,1.0,2,0,3,0
62,0,3,172,287,0,0,144,0,4.1,0,0,3,1
38,1,1,131,206,0,0,184,0,1.7,2,0,2,1
42,1,0,131,251,1,0,143,1,0.6,1,4,3,0
50,1,2,116,187,0,1,136,0,2.2,1,3,3,0
56,1,2,139,313,1,1,180,0,0.1,2,0,2,1
58,1,3,176,267,0,1,149,0,4.9,0,0,3,1
46,0,1,117,191,0,1,177,0,0.6,2,0,2,1
52,1,3,120,200,0,0,131,1,1.1,2,1,2,1
60,1,3,137,243,0,1,134,0,2.9,1,2,2,0
48,1,0,146,199,0,0,113,1,0.9,1,0,3,0
55,1,2,146,125,0,1,176,0,0.0,2,1,3,1
46,0,2,140,193,0,0,154,1,1.8,0,0,2,1
43,1,0,107,295,0,0,155,0,0.0,2,1,2,0
53,1,2,166,176,1,1,160,0,0.3,2,0,3,1
55,0,0,99,231,0,0,119,0,0.5,1,0,2,1
34,1,1,122,168,0,1,180,0,0.0,2,0,2,1
58,0,1,143,316,0,0,152,0,1.3,1,0,3,1
60,0,2,120,177,1,1,105,0,0.0,2,1,2,1
49,1,0,146,254,0,0,137,0,2.4,1,0,3,0
71,1,0,150,188,1,1,127,0,3.3,1,2,3,0
61,1,3,132,273,1,0,166,0,1.0,1,1,2,0
53,1,0,136,302,0,1,108,1,4.3,0,3,3,0
48,1,0,144,281,0,1,128,1,1.6,1,2,3,0
64,0,2,150,259,0,1,151,0,0.7,2,0,2,1
59,1,0,103,186,0,1,126,1,1.5,1,0,1,1
61,0,2,122,245,0,1,107,0,1.4,1,1,3,0
72,0,2,119,235,0,0,109,0,1.6,1,0,2,1
29,1,3,123,184,0,0,173,0,1.3,2,0,2,1
56,1,0,147,216,0,1,108,0,1.9,1,1,3,0
56,0,0,172,313,0,2,119,1,3.3,1,0,2,0
62,0,0,152,414,0,0,158,0,3.8,1,3,3,0
67,1,1,169,245,0,1,126,1,0.3,1,3,1,0
47,1,2,130,228,0,1,176,1,0.6,2,0,2,1
57,1,1,117,308,0,1,161,0,0.5,2,0,3,1
55,1,2,171,199,1,1,162,0,0.5,2,0,3,1
55,1,0,126,360,0,1,126,1,0.8,1,1,3,0
74,0,1,123,246,0,0,111,0,0.0,2,1,2,1
45,1,0,123,167,0,0,126,1,2.9,1,0,3,0
63,1,0,137,192,0,0,153,1,4.3,2,2,3,0
32,1,0,116,279,0,0,153,1,0.0,2,0,3,0
62,1,0,151,180,0,1,156,0,0.1,2,1,3,0
40,1,1,112,242,0,1,159,0,0.3,2,0,2,1
60,1,0,121,236,1,1,165,1,1.7,2,2,3,0
38,1,3,122,212,0,1,179,1,3.7,1,0,3,0
53,1,2,100,212,0,1,154,1,0.0,2,1,3,1
44,1,0,135,257,1,0,145,1,-0.0,1,4,3,0
68,1,0,121,250,0,0,124,1,2.8,1,2,3,0
58,1,2,133,231,0,0,163,0,3.6,2,2,3,0
52,0,0,143,224,0,0,162,0,0.6,2,0,2,1
45,1,1,120,241,0,1,164,0,1.0,0,0,1,0
50,0,2,111,220,0,1,158,0,1.8,1,0,2,1
38,0,2,148,223,0,1,156,0,0.0,1,2,2,1
53,1,1,155,234,0,0,165,0,0.0,2,1,3,0
56,1,1,127,263,0,1,137,0,0.7,1,0,2,1
61,1,0,133,186,0,1,139,1,2.5,1,0,3,0
40,1,0,127,236,1,0,137,1,0.0,1,4,3,0
53,1,2,127,233,1,0,173,0,0.0,2,3,2,1
40,1,1,123,264,0,1,167,0,0.4,2,0,3,1
57,1,2,129,210,1,0,177,1,0.3,2,0,2,1
55,0,2,128,204,0,0,172,0,0.5,1,0,2,1
44,1,0,138,315,0,0,143,1,0.0,1,3,3,0
59,1,0,170,318,0,0,138,1,3.5,0,0,3,0
33,0,2,124,211,0,1,164,0,0.0,2,0,2,1
46,1,2,112,243,0,1,172,0,0.0,2,0,2,1
58,1,3,171,281,0,0,161,0,0.0,1,0,3,0
48,1,0,111,275,0,0,126,1,0.9,1,1,2,0
57,1,0,130,211,1,1,143,1,1.3,1,0,0,0
66,0,2,111,240,0,1,138,0,0.8,2,2,2,1
61,0,1,140,328,1,0,143,0,0.2,2,2,1,0
57,0,0,128,367,0,1,154,1,0.7,2,0,2,1
60,0,1,135,311,1,0,149,0,0.0,2,2,2,0
55,1,1,110,241,1,1,157,1,1.6,2,2,3,0
45,1,0,109,187,0,0,154,1,0.0,2,0,3,0
53,1,3,157,302,1,1,174,0,1.5,2,0,3,1
31,1,3,110,183,0,0,177,0,0.2,2,0,2,1
50,1,1,136,270,0,1,164,0,0.4,2,0,3,1
43,1,0,116,249,0,0,152,0,1.5,2,0,3,0
45,0,1,116,167,0,1,135,0,0.0,1,0,2,1
56,1,0,157,276,1,0,119,0,0.8,1,3,3,0
70,0,0,157,291,0,1,160,0,0.3,2,2,2,1
60,0,3,146,278,1,0,155,0,0.5,2,0,2,1
43,1,0,147,232,0,1,167,0,0.9,2,0,2,1
61,1,0,122,245,0,0,128,1,3.0,2,1,3,0
55,1,1,139,278,0,0,176,0,1.2,1,2,3,0
49,1,1,138,228,0,1,152,0,1.3,2,1,2,1
63,1,1,163,258,0,1,118,1,0.1,1,3,1,0
61,1,1,122,286,0,0,101,0,1.5,1,1,3,0
57,1,2,139,206,0,0,168,0,3.0,1,0,2,0
54,0,2,162,222,0,1,162,0,0.0,2,1,2,1
59,1,0,139,176,0,1,159,1,0.2,2,1,3,0
43,1,2,151,240,0,1,164,0,1.3,2,0,2,1
60,0,2,111,190,0,1,100,0,0.0,2,0,2,1
65,0,2,150,273,0,1,178,0,0.0,2,1,2,1
54,1,2,152,214,0,0,161,0,1.3,2,0,3,1
47,0,2,131,234,0,0,140,1,0.0,1,0,2,1
41,1,1,116,163,0,1,180,0,0.0,2,0,2,1
63,1,0,111,234,0,0,104,1,1.8,0,1,2,0
35,0,0,125,206,0,1,177,0,1.7,2,0,2,1
53,1,0,129,283,0,0,124,1,3.4,1,2,2,0
56,1,2,106,232,0,0,163,0,3.2,1,1,3,0
47,1,1,135,256,0,1,168,0,0.6,2,0,2,1
61,1,0,133,201,0,0,132,0,1.8,2,1,3,0
56,1,0,129,256,0,0,134,1,2.5,1,2,3,0
61,1,3,131,220,0,1,162,0,0.8,2,2,2,0
44,1,2,123,221,0,1,163,0,0.5,2,0,2,1
59,1,2,131,274,0,1,101,0,1.2,1,1,3,0
60,1,0,125,252,0,0,136,1,2.6,1,2,3,0
60,1,0,120,224,1,1,158,1,1.1,2,2,3,0
62,1,0,138,175,0,0,119,0,3.7,1,1,2,0
76,0,1,115,289,0,0,117,1,0.0,2,1,2,1
62,1,1,152,233,0,1,157,0,0.1,2,0,2,1
57,1,3,122,189,0,0,148,0,2.8,1,0,3,1
53,1,1,134,250,0,0,174,0,0.0,1,0,2,1
43,0,2,141,179,0,0,157,1,1.3,0,0,2,1
66,1,3,138,245,1,0,153,0,1.7,0,0,1,1
45,1,2,111,248,0,1,146,0,0.0,2,0,2,0
53,1,2,114,265,0,0,144,0,0.1,1,0,3,1
58,0,0,132,331,0,0,161,0,0.1,2,0,2,0
58,1,1,115,231,0,1,166,0,0.3,0,0,2,1
43,1,0,117,175,0,1,140,1,3.5,0,0,1,0
58,0,2,111,349,0,1,175,0,0.1,2,0,2,1
68,0,0,145,223,0,0,111,0,1.2,1,3,3,0
52,1,2,120,240,1,0,166,0,2.4,2,0,2,1
56,0,1,137,353,0,1,158,0,0.9,2,0,2,1
66,1,0,128,259,0,1,108,1,0.3,1,1,3,1
61,0,2,104,310,0,1,158,0,0.4,2,1,2,1
41,1,2,133,240,0,1,188,0,3.9,0,0,2,1
44,0,2,140,182,0,0,166,1,0.8,0,0,2,1
72,0,0,107,151,0,1,122,0,1.7,1,0,2,1
65,1,3,133,287,1,0,176,0,1.6,1,2,2,0
63,0,1,142,303,0,0,148,0,1.9,1,0,2,1
46,1,3,142,271,0,0,179,0,0.9,2,2,2,1
70,1,2,157,235,0,1,118,1,2.6,1,1,3,0
53,0,1,133,265,0,1,169,0,0.0,1,0,2,1
58,1,2,126,213,1,1,131,0,2.5,1,1,1,0
50,0,2,129,255,1,1,177,0,0.0,2,2,3,1
59,1,1,122,198,0,1,132,0,0.8,0,4,3,1
50,0,0,125,306,0,1,142,1,1.5,1,0,3,0
53,1,0,150,246,0,0,193,0,0.0,2,0,2,1
61,1,3,174,263,0,0,141,0,4.9,0,0,2,1
58,1,2,144,181,0,0,150,0,2.7,1,0,2,0
49,1,1,113,166,0,1,123,0,0.3,2,0,2,1
59,1,2,146,195,0,1,169,0,0.4,2,0,2,1
53,1,0,139,246,0,1,166,0,1.0,1,1,3,0
66,1,0,132,258,0,1,105,1,0.0,1,1,3,1
69,1,2,140,235,0,0,148,0,1.7,1,3,3,0
53,0,0,126,307,0,1,134,1,1.2,1,0,3,0
62,1,0,125,244,0,1,132,1,3.3,1,1,3,0
58,1,2,144,229,0,0,171,0,3.1,2,2,3,0
60,0,0,147,250,0,0,165,0,2.3,1,2,3,0
61,0,0,122,180,0,1,140,1,0.4,1,0,2,0
57,0,2,120,186,0,1,102,1,0.5,2,0,2,1
62,0,0,138,323,0,0,145,1,1.1,1,0,3,0
61,1,0,138,274,0,0,152,0,1.8,1,1,3,0
56,1,0,137,433,0,0,149,1,1.4,1,2,3,0
57,1,0,137,171,1,0,159,1,4.0,0,0,3,0
44,1,0,120,264,0,0,163,0,0.3,1,0,3,0
56,1,1,125,258,0,1,178,0,1.3,2,0,2,1
41,1,3,139,196,0,1,161,1,1.3,2,0,3,1
67,1,0,141,177,0,1,125,1,2.5,0,0,3,0
60,1,0,141,215,0,0,136,1,1.8,2,1,3,0
42,1,1,126,230,0,1,170,0,0.0,2,0,2,1
59,0,2,127,176,1,1,98,0,0.3,2,0,2,1
48,1,0,125,265,0,0,140,0,0.7,1,0,2,1
43,1,0,114,317,0,0,163,0,0.1,2,1,2,0
56,1,0,132,209,0,1,108,0,5.7,0,0,1,0
59,1,3,162,273,0,0,128,0,0.0,2,0,2,0
68,1,0,117,221,0,0,135,1,0.3,2,1,2,0
65,0,2,147,300,0,0,154,0,0.2,1,1,2,1
42,0,1,99,211,0,1,170,0,0.0,2,0,2,1
46,1,2,127,235,1,1,170,0,0.8,2,2,2,1
53,0,0,111,282,0,0,140,0,0.0,2,0,2,1
63,1,0,137,221,0,0,133,1,2.2,1,2,3,0
54,1,3,118,204,0,0,181,0,0.7,1,0,1,1
54,0,0,130,248,0,1,131,1,0.6,1,0,3,0
40,1,0,115,287,0,1,180,0,1.3,1,0,2,1
43,1,1,144,225,0,0,191,0,0.0,2,0,2,1
45,1,0,113,283,0,0,162,0,0.6,2,1,2,0
58,1,3,130,221,0,0,166,0,0.0,2,0,3,1
57,1,2,140,210,1,0,157,0,-0.0,2,0,2,1
65,0,0,138,307,0,1,117,0,1.7,1,2,2,1
63,1,0,146,287,0,0,143,1,2.1,1,2,3,0
46,1,2,133,318,0,1,158,0,1.8,2,1,2,1
44,1,1,114,234,0,1,162,0,0.9,2,0,2,1
45,0,2,129,282,0,1,141,0,0.5,2,0,2,1
64,1,0,109,212,0,0,138,1,0.2,2,1,2,0
63,1,0,134,338,1,0,136,1,1.4,2,3,3,0
43,1,1,120,260,0,1,173,0,-0.0,2,0,3,1
47,1,2,140,243,0,0,188,0,0.3,2,0,2,1
38,0,1,123,311,0,1,179,0,0.0,2,0,2,1
41,1,2,121,134,0,1,176,0,0.0,2,0,2,1
53,0,1,133,300,1,0,155,1,0.3,2,1,2,1
72,1,2,165,229,0,0,139,0,-0.0,2,0,2,1
65,0,0,131,302,0,1,129,0,2.8,1,2,2,1
44,0,1,130,327,0,0,173,0,0.5,2,0,2,1
51,1,2,115,150,0,0,131,0,0.6,2,3,2,0
37,0,2,144,226,0,1,159,0,0.0,1,0,2,1
69,1,0,127,318,0,0,113,0,1.9,1,3,2,0
53,0,0,200,272,1,0,143,1,4.2,0,2,3,0
46,0,0,141,257,0,0,153,1,0.3,1,0,2,1
65,1,0,151,188,0,1,167,0,0.0,2,1,3,0
59,0,2,128,172,1,1,96,0,0.4,2,0,2,1
46,1,2,141,267,0,0,158,0,0.2,1,0,2,1
72,0,1,117,295,0,0,124,1,0.0,2,1,2,1
66,1,0,105,241,0,0,158,0,0.6,2,2,1,0
59,1,2,139,199,0,0,147,0,2.4,1,0,2,0
63,0,0,103,212,0,1,141,0,0.7,2,2,2,1
59,1,2,152,224,1,1,128,1,0.6,1,0,2,1
58,0,1,140,305,0,0,152,0,1.8,1,0,2,1
49,0,2,129,271,0,1,134,0,0.7,2,0,2,1
66,1,2,156,220,0,0,148,0,0.3,1,0,3,0
54,0,0,135,260,0,1,163,0,0.1,2,0,2,1
42,0,0,135,324,1,0,139,1,3.2,1,0,3,0
35,0,1,124,198,0,1,180,0,1.0,2,0,2,1
43,0,1,126,211,0,0,165,0,1.2,2,0,2,1
48,1,2,141,248,0,0,159,0,0.9,1,1,3,0
55,0,0,136,190,0,0,126,0,0.5,1,0,2,1
54,0,2,114,234,0,1,154,0,1.0,1,0,2,1
68,0,0,182,327,0,1,157,1,-0.0,2,0,3,1
72,0,1,155,244,0,0,148,0,0.0,2,0,2,1
64,1,0,139,202,0,0,150,1,3.9,2,2,3,0
61,1,0,171,294,0,0,149,1,3.6,0,0,3,0
45,1,1,144,219,0,0,194,0,-0.0,2,0,2,1
43,1,2,144,225,0,1,135,0,3.6,1,0,2,0
60,1,0,144,125,1,0,124,1,3.6,1,1,2,0
57,0,0,132,306,0,0,157,0,0.0,2,1,2,1
57,1,2,129,260,1,0,133,1,0.0,1,1,1,0
60,0,2,139,253,0,1,102,0,1.6,1,1,3,0
50,1,2,142,213,0,1,160,0,0.2,1,1,3,0
71,0,0,122,162,0,1,127,0,1.6,1,0,2,1
59,0,0,139,237,0,1,168,1,1.7,1,0,2,0
60,1,3,131,227,0,1,142,0,2.4,1,2,2,0
64,0,0,143,224,0,0,114,0,0.7,1,2,3,0
48,1,2,176,185,1,1,160,0,0.7,2,0,3,1
44,0,2,109,155,0,1,174,0,0.5,1,0,2,1
65,0,2,164,350,0,0,140,0,0.4,2,0,2,1
53,0,1,141,206,0,0,154,0,0.3,2,0,2,1
66,0,2,149,285,1,1,156,0,0.9,2,0,2,1
43,1,1,130,307,0,0,172,0,0.0,2,0,2,1
46,1,3,106,215,0,1,143,0,0.5,2,0,2,1
64,0,1,147,208,0,1,178,0,0.7,2,2,2,1
42,1,2,120,211,0,1,169,0,-0.0,2,0,2,1
55,0,0,128,198,0,2,135,1,2.3,1,1,3,0
61,1,0,168,181,1,0,81,0,0.7,1,2,1,0
47,1,1,123,190,0,1,170,0,0.9,2,1,2,1
68,0,0,161,407,0,0,155,0,3.8,1,3,3,0
53,0,0,108,283,0,0,148,0,-0.0,2,0,2,1
63,1,3,137,233,0,1,140,0,2.9,1,2,2,0
58,1,0,133,182,0,1,152,1,-0.0,2,1,3,0
39,0,2,92,205,0,1,187,0,0.2,2,0,2,1
64,1,0,143,253,0,0,127,0,2.8,1,1,3,0
40,1,3,143,202,0,1,176,1,1.7,2,0,0,1
61,0,1,135,206,0,1,177,0,0.0,2,2,2,1
34,0,1,113,220,0,1,187,0,0.7,2,0,2,1
60,1,3,162,280,0,0,129,0,0.0,2,0,2,0
51,0,2,132,252,0,0,145,0,1.0,2,0,2,1
42,1,0,115,205,0,0,108,1,2.1,1,1,3,0
38,1,2,149,348,0,0,188,0,-0.0,2,0,2,1
43,1,2,120,273,0,1,174,0,0.2,2,0,3,1
56,1,0,136,296,0,0,188,0,0.2,2,0,2,1
40,0,2,141,216,0,1,153,0,0.0,1,0,2,1
57,1,0,135,207,0,1,167,1,0.9,2,0,3,1
59,1,1,120,268,0,0,163,0,1.7,1,0,2,0
66,0,2,119,450,0,0,171,0,1.7,2,0,3,1
64,0,2,114,450,0,0,166,0,1.8,1,0,3,1
51,1,3,122,206,0,1,124,1,1.2,2,1,2,1
47,0,1,123,270,0,1,162,0,0.9,1,0,2,1
70,1,3,168,249,1,0,139,0,0.6,1,1,2,1
49,1,2,139,206,0,1,169,0,0.0,2,0,2,1
45,1,1,121,252,0,1,167,0,-0.0,2,0,3,1
65,0,2,155,273,0,1,178,0,0.0,2,1,2,1
44,1,0,143,298,0,1,114,1,2.0,1,0,1,0
71,0,0,113,143,0,1,127,0,1.9,1,0,2,1
55,1,0,163,288,0,0,140,1,0.6,1,1,3,0
56,0,0,121,367,0,1,171,1,0.6,2,0,2,1
50,1,0,133,270,0,2,150,1,0.1,2,1,3,0
57,1,2,123,216,1,1,130,0,1.9,1,1,3,0
58,0,0,100,195,0,1,131,1,1.1,1,0,1,1
72,0,2,113,272,1,0,123,1,0.0,2,1,2,1
59,1,1,126,275,0,0,142,0,0.0,2,0,3,0
63,1,2,136,179,0,0,148,0,3.7,1,0,2,0
53,1,0,139,273,0,2,173,1,1.6,2,0,3,0
67,0,3,150,203,0,1,109,0,3.0,0,0,2,1
43,0,1,101,199,0,1,177,0,0.0,2,1,2,1
60,1,0,131,143,0,1,117,1,1.0,1,1,3,0
60,1,0,124,227,0,0,137,1,2.6,1,2,3,0
57,0,3,161,253,0,1,179,0,0.9,2,0,2,1
59,0,0,181,237,0,1,136,1,0.0,1,0,2,0
39,1,2,108,228,0,1,180,0,0.0,2,0,2,1
63,1,0,127,333,1,0,122,1,0.8,2,3,3,0
50,0,1,113,218,0,1,162,0,1.1,2,0,2,1
58,1,0,136,227,0,1,173,0,1.0,1,0,3,1
55,1,3,178,244,0,0,162,0,4.0,0,0,3,1
51,1,3,124,221,0,0,128,1,1.2,2,1,2,1
63,1,1,141,231,0,1,146,1,0.3,2,0,2,1
57,1,0,128,287,0,0,139,1,2.8,1,2,3,0
71,0,2,149,310,0,1,157,0,0.0,2,1,2,1
58,1,1,115,283,0,1,149,0,1.6,1,0,2,0
70,1,2,150,229,0,1,151,0,1.1,1,0,3,0
59,0,2,122,331,0,1,172,0,0.0,2,0,2,1
75,0,1,111,274,0,0,131,1,0.6,2,1,2,1
51,1,0,108,232,1,1,150,0,0.5,1,3,3,1
57,1,2,149,202,0,1,153,0,2.8,1,0,2,0
63,1,0,143,177,0,0,145,1,3.9,2,2,3,0
58,1,2,134,242,0,0,138,0,0.1,1,1,3,0
63,0,0,117,203,0,1,159,0,0.1,2,0,2,1
49,1,2,139,225,0,1,165,0,-0.0,1,1,3,0
67,1,2,159,229,0,0,156,0,0.7,1,2,3,0
44,1,2,145,244,0,0,150,0,0.6,2,0,2,1
68,0,2,144,424,1,0,155,0,0.6,2,1,2,1
44,1,0,106,206,0,0,148,1,3.5,1,0,2,1
69,1,0,160,266,0,0,104,1,0.7,1,3,2,0
60,1,3,175,288,0,0,149,0,4.4,0,0,3,1
59,1,1,119,239,0,1,161,0,0.5,0,0,2,1
58,1,3,123,191,0,0,165,0,1.7,1,0,3,1
58,1,2,125,235,1,1,120,0,2.0,1,1,1,0
31,1,1,124,189,0,1,180,0,1.0,2,0,2,1
61,0,0,107,285,0,1,178,1,1.5,2,2,2,0
42,1,1,119,275,0,1,161,0,1.1,2,0,2,1
58,1,1,127,298,0,0,111,0,1.3,1,1,3,0
56,1,1,123,221,0,1,164,0,0.0,0,0,2,1
61,1,1,123,203,1,0,127,0,-0.0,2,0,2,1
44,0,0,114,190,0,1,165,0,0.0,2,0,3,1
56,0,0,133,210,0,0,155,0,0.3,1,0,2,1
62,1,0,120,174,0,1,147,0,1.0,2,0,3,1
57,1,0,114,234,0,1,154,0,0.4,2,0,2,1
53,1,2,123,209,0,0,144,0,0.3,1,1,3,0
64,0,3,134,234,0,1,152,0,1.2,2,2,2,1
44,1,0,116,288,0,1,175,0,1.0,1,0,2,1
56,0,0,144,238,0,1,109,1,0.3,1,0,3,0
57,0,0,122,336,0,1,164,1,1.2,2,0,2,1
40,1,3,135,209,0,1,191,0,1.2,2,0,3,1
56,0,2,117,366,0,1,176,0,0.3,2,0,2,1
63,1,3,140,234,1,0,144,0,2.3,2,0,1,1
56,0,0,142,405,0,0,153,1,1.7,1,2,3,0
41,1,2,136,213,0,0,162,0,2.6,1,0,2,1
58,0,0,123,324,0,1,154,1,0.4,2,0,2,1
63,1,1,121,267,0,0,106,0,1.7,1,1,3,0
52,1,0,156,280,0,0,144,1,1.0,2,1,3,0
64,1,0,130,289,0,1,92,0,1.8,1,2,3,0
58,0,2,120,335,0,1,176,0,0.0,2,0,2,1
57,1,2,148,212,1,1,162,0,2.1,2,0,2,1
37,1,0,139,346,0,1,127,1,1.8,1,0,3,0
66,1,0,159,260,0,0,114,1,1.3,1,3,2,0
65,1,0,157,233,0,0,141,0,1.9,2,0,1,1
53,0,2,132,309,1,1,167,0,0.3,2,0,2,1
65,1,3,136,285,1,0,170,0,1.0,1,1,2,0
45,1,2,118,272,0,0,169,0,0.1,2,0,2,1
34,0,1,116,221,0,1,201,0,1.0,2,0,2,1
52,1,0,147,270,0,1,119,1,4.1,1,3,3,0
44,1,0,140,212,0,1,166,0,0.0,2,0,2,1
64,1,3,142,293,1,0,171,0,1.2,1,0,2,0
56,0,0,170,229,1,0,156,1,3.1,1,2,1,0
61,1,2,137,187,0,0,141,0,3.0,1,0,2,0
37,0,1,117,202,1,1,190,0,1.1,2,0,2,1
52,1,0,106,225,0,1,152,0,0.0,2,1,2,0
61,0,0,100,246,0,0,118,0,1.1,1,0,2,1
43,1,0,105,160,0,0,158,0,0.4,2,0,3,0
55,1,0,146,209,0,1,99,0,2.1,1,1,3,0
64,0,0,178,331,0,1,151,1,0.1,2,0,2,1
47,1,1,98,195,1,1,156,0,0.0,2,0,3,1
54,0,1,132,310,0,0,150,0,1.5,1,0,2,1
43,1,1,129,210,0,0,186,0,0.1,2,0,2,1
67,0,0,136,314,0,1,122,0,1.5,1,2,2,1
47,1,0,143,205,0,0,121,1,0.7,1,0,3,0
56,1,2,103,236,0,0,159,1,0.9,1,0,3,1
46,0,1,107,194,0,1,163,0,0.0,2,0,2,1
47,1,2,118,204,0,1,135,0,2.3,1,3,3,0
61,0,0,131,297,1,1,110,1,2.4,1,3,2,0
58,1,2,150,218,1,1,151,0,1.3,2,0,2,1
59,1,0,130,246,0,0,145,1,3.0,1,1,3,0
56,1,0,153,272,0,0,124,1,0.6,1,1,1,0
55,0,0,145,413,0,0,159,1,2.1,1,2,3,0
60,1,1,122,236,0,1,137,0,0.6,1,4,2,1
36,0,2,107,273,0,0,185,1,0.6,2,0,2,1
59,1,1,125,227,0,1,151,0,0.3,1,4,3,1
66,1,0,99,291,0,0,126,1,0.4,1,2,3,0
52,1,2,138,255,0,1,159,0,0.4,2,0,2,1
55,1,0,130,351,0,1,126,1,1.0,1,1,3,0
41,1,2,112,255,0,1,174,1,0.0,1,0,2,1
56,1,2,146,180,0,1,178,0,2.3,2,0,2,1
57,1,0,136,192,0,1,145,0,0.6,1,0,1,1
52,0,0,106,269,0,0,159,0,0.0,2,0,2,1
72,1,0,109,293,0,0,122,1,1.1,1,2,2,0
45,1,0,97,224,0,0,143,0,2.8,1,0,2,1
44,0,0,100,264,0,0,126,0,0.3,1,0,2,1
57,1,1,124,275,0,1,141,0,0.2,2,0,3,0
76,0,1,118,266,0,1,110,1,0.8,2,1,2,1
50,1,0,118,223,0,0,184,0,0.0,2,0,2,1
44,0,0,115,187,0,0,157,0,0.1,2,0,3,0
59,1,1,122,215,0,1,149,0,0.9,1,4,3,1
52,1,0,123,252,0,1,141,0,0.4,2,0,3,0
66,0,2,162,367,0,0,154,0,1.0,2,0,2,1
53,1,2,150,224,0,0,169,0,1.6,2,0,3,1
45,0,2,122,257,0,1,145,0,0.5,1,1,2,1
54,1,0,139,257,0,1,159,0,1.9,2,0,2,1
56,1,0,139,221,0,1,116,1,5.0,1,0,3,0
44,1,0,107,205,0,0,147,1,3.0,1,0,2,1
57,1,0,143,277,0,0,150,1,2.7,2,2,3,0
57,1,0,118,221,1,0,154,1,1.6,1,1,3,0
45,1,2,145,244,0,1,150,0,4.1,1,0,1,0
56,1,0,124,258,1,0,149,1,1.5,1,1,2,0
71,0,3,113,161,0,1,116,0,2.1,1,0,2,1
42,1,0,106,209,0,0,157,1,2.3,1,0,2,1
44,1,2,144,242,0,0,184,0,0.6,2,0,2,1
52,1,1,184,290,0,1,191,0,0.0,2,1,3,0
56,0,0,114,349,0,1,170,1,0.3,2,0,2,1
38,1,0,153,230,0,1,176,0,0.3,2,0,3,0
44,0,2,120,233,0,1,146,0,0.0,1,1,2,1
61,1,2,146,183,0,1,169,0,1.6,2,0,2,1
56,1,0,131,284,0,0,131,1,2.9,1,2,3,0
45,0,1,103,147,0,1,131,0,0.2,1,0,2,1
49,1,0,132,302,0,1,116,1,4.5,1,3,3,0
57,1,1,116,285,0,0,155,0,1.9,1,0,2,0
53,0,0,171,323,0,2,110,1,3.8,1,0,2,0
59,0,0,100,256,0,0,119,0,0.7,1,0,2,1
40,1,0,139,330,0,1,112,1,1.7,1,0,1,0
77,0,2,131,201,0,2,124,0,1.1,1,0,2,1
58,1,0,130,141,0,0,114,1,3.8,1,1,2,0
46,1,0,127,238,0,0,136,0,0.7,2,0,3,0
68,1,0,149,184,0,1,118,1,2.6,0,0,3,0
63,0,0,121,302,0,1,125,0,2.1,1,2,2,1
52,1,0,149,183,0,0,141,1,0.7,1,0,3,0
40,0,0,132,324,1,0,129,1,3.2,1,0,3,0
63,0,3,161,214,0,0,156,0,0.9,1,0,3,1
58,1,0,132,232,0,0,128,1,2.6,1,3,3,0
61,0,0,119,181,0,0,160,0,0.2,2,0,2,1
51,1,2,101,223,0,0,146,1,1.5,1,0,2,1
46,1,2,158,199,0,1,162,0,3.9,1,3,2,0
52,1,0,116,234,0,0,115,1,0.2,1,1,2,0
46,1,1,129,276,0,1,184,0,0.4,2,0,2,1
56,0,2,128,229,0,0,114,0,0.0,2,0,2,1
65,1,0,143,198,1,1,151,0,3.0,1,2,3,0
58,0,1,127,216,0,0,166,0,0.0,1,1,2,0
42,1,1,125,196,0,0,189,0,0.4,2,0,2,1
61,1,0,164,171,1,0,94,0,0.7,1,1,1,0
63,0,0,108,221,0,1,146,0,0.2,2,2,2,1
63,0,2,147,286,0,1,159,0,0.0,1,1,2,1
62,0,0,139,372,0,0,161,0,1.0,1,0,2,1
61,1,0,138,281,1,0,109,1,2.1,0,0,3,0
43,1,0,120,173,0,0,147,0,0.3,2,0,3,0
52,1,0,151,231,0,0,153,1,3.0,0,0,3,0
37,1,3,117,217,0,1,189,1,3.5,1,0,3,0
62,1,0,119,284,0,0,149,0,0.6,1,0,2,1
52,1,2,173,184,1,1,157,0,0.8,2,0,3,1
58,0,1,136,277,0,0,161,0,0.8,1,0,2,1
54,1,0,141,221,0,1,103,1,5.6,0,0,3,0
51,1,0,134,306,0,1,185,1,1.2,2,0,3,0
36,1,1,108,209,0,1,160,0,0.6,2,0,2,1
55,0,0,99,248,0,0,119,0,1.4,1,0,2,1
57,1,2,142,202,1,0,164,0,0.0,2,0,2,1
62,1,0,143,281,0,0,107,1,0.8,1,1,1,0
35,1,1,123,186,0,1,185,0,0.0,2,0,2,1
52,1,0,152,194,0,0,126,1,1.1,1,0,3,0
44,0,2,146,231,0,0,184,0,0.0,2,0,2,1
65,0,0,110,239,0,1,140,0,0.6,2,2,2,1
63,1,1,119,265,0,0,108,0,1.6,1,1,3,0
45,1,1,136,240,0,1,179,1,0.4,2,0,2,1
64,1,0,172,319,0,1,146,1,0.2,2,0,2,1
52,1,0,120,309,0,0,117,1,2.5,1,2,2,0
49,0,2,141,157,0,0,155,1,1.0,0,3,2,1
56,1,2,112,231,0,0,164,1,0.9,1,0,3,1
54,1,0,131,194,0,0,110,1,1.7,1,1,1,0
70,1,2,143,257,0,0,151,0,2.4,1,3,3,0
67,1,0,113,252,0,0,157,0,0.8,2,2,1,0
61,1,2,155,225,1,1,165,0,1.2,2,0,2,1
66,1,0,135,329,1,0,129,1,1.8,2,3,3,0
46,1,0,120,260,0,0,167,0,0.7,1,0,3,0
57,1,0,137,195,0,0,130,1,2.0,1,3,3,0
58,1,0,109,338,0,1,146,1,2.5,1,1,3,0
57,1,0,141,231,0,1,170,1,0.0,2,0,3,1
58,1,0,146,184,0,1,136,0,0.6,1,0,1,1
45,0,2,105,148,0,1,167,0,0.8,1,0,2,1
68,1,2,139,254,0,0,159,0,2.1,1,3,3,0
57,1,1,132,270,0,1,146,0,0.2,2,0,2,1
48,0,1,105,198,0,1,168,0,0.0,2,0,2,1
41,1,0,153,229,0,1,167,1,0.7,2,0,3,0
52,1,2,127,267,0,0,167,0,0.6,0,1,2,1
52,1,2,176,171,1,1,168,0,1.0,2,0,3,1
53,1,0,140,308,0,1,167,1,1.5,2,0,3,0
44,1,1,125,297,0,1,173,0,0.1,2,0,2,1
54,1,2,118,239,0,0,144,0,0.6,1,1,3,0
51,0,2,136,323,0,0,137,0,1.6,2,1,2,1
57,1,2,132,236,1,0,189,0,0.0,2,3,2,1
60,1,0,114,251,0,1,148,1,3.3,1,1,3,0
63,1,0,150,225,0,0,121,0,2.0,1,2,3,0
39,0,1,130,210,0,0,170,0,1.3,2,0,2,1
44,1,2,130,255,0,1,186,0,0.3,2,0,2,1
54,1,2,136,239,0,0,157,0,0.8,1,1,3,0
46,1,1,123,209,0,1,164,0,0.0,2,0,2,1
43,0,0,99,259,0,0,110,0,0.6,1,0,2,1
55,1,0,127,252,1,0,147,1,1.3,1,1,1,0
60,0,0,133,292,0,1,105,0,2.0,1,3,2,0
65,0,2,142,283,0,1,148,0,0.8,2,0,3,1
44,1,3,130,223,0,1,176,1,3.9,1,0,3,0
69,1,2,138,240,0,0,146,0,2.2,1,3,3,0
46,1,0,132,244,1,0,147,1,0.1,2,2,3,0
58,0,2,126,248,0,1,84,0,1.2,1,1,3,0
56,1,0,116,242,0,1,158,0,-0.0,2,1,2,0
64,0,2,161,372,0,0,153,0,0.8,2,0,2,1
56,1,0,134,261,0,1,158,0,1.1,2,0,2,1
59,1,0,129,187,0,0,132,1,2.2,1,3,3,0
42,0,2,121,202,0,1,160,0,0.9,1,0,2,1
55,1,0,137,346,0,1,134,1,0.7,1,1,3,0
64,1,0,150,233,0,0,138,0,2.2,1,2,1,0
57,1,0,126,268,1,0,89,0,1.9,0,0,3,0
59,0,2,130,239,0,0,176,0,0.0,2,0,2,1
38,1,2,136,259,0,1,189,0,3.5,0,0,2,1
62,1,3,113,198,0,0,154,0,1.8,1,0,2,1
54,1,2,113,201,0,0,174,0,1.7,1,0,2,1
61,1,0,99,222,0,1,157,0,-0.0,2,1,3,0
58,1,0,142,239,0,1,113,0,2.2,0,1,3,0
66,1,3,114,207,0,0,140,1,2.2,1,0,2,1
60,0,0,104,265,0,0,124,0,1.6,1,0,2,1
57,1,0,159,293,0,0,140,1,0.4,1,1,3,0
46,0,0,129,349,1,0,140,1,2.7,1,0,2,0
64,0,0,163,175,0,0,140,0,6.2,0,3,3,0
52,1,2,157,244,0,0,160,0,2.2,2,0,3,1
41,1,0,99,192,0,0,157,0,0.0,1,0,3,0
50,1,2,120,125,0,0,129,0,1.2,2,3,2,0
61,1,0,124,248,0,0,122,1,3.2,1,2,3,0
49,1,2,150,224,0,1,149,0,4.3,1,0,2,0
44,1,2,120,246,1,1,192,0,0.8,0,0,3,1
66,1,2,177,277,1,0,166,1,1.2,1,0,3,0
55,1,2,135,252,1,0,148,1,0.8,1,1,1,0
45,1,0,154,251,0,0,126,0,2.7,1,0,3,0
56,0,2,170,226,0,1,158,0,0.3,2,1,2,1
47,1,1,114,237,0,0,153,0,1.3,0,0,3,0
73,1,0,113,132,0,1,119,0,1.5,1,0,2,1
61,1,3,133,233,0,0,135,0,2.6,1,2,2,0
52,1,0,113,233,0,1,152,0,0.0,2,1,2,0
60,0,1,128,361,0,1,164,0,1.1,2,0,2,1
32,1,0,123,185,0,1,131,1,1.7,1,0,3,0
54,1,0,124,240,1,0,139,1,1.3,1,1,2,0
70,1,3,145,225,0,1,151,0,2.0,2,2,2,1
53,0,0,130,244,0,0,142,0,0.2,1,0,2,1
62,0,0,95,230,0,0,127,0,1.0,1,0,2,1
65,1,0,130,268,0,0,139,0,3.2,1,1,3,0
69,1,0,124,307,0,0,145,0,0.9,1,0,2,1
53,0,2,162,201,0,1,157,0,0.2,2,1,2,1
49,1,0,151,248,0,0,186,1,0.0,2,0,2,1
56,1,0,116,222,0,1,118,1,3.2,1,1,3,0
64,1,0,129,264,0,1,115,1,1.0,1,1,3,1
39,0,2,132,190,0,1,148,0,0.2,2,0,2,1
43,0,0,107,292,0,0,154,0,0.0,2,1,2,0
58,0,0,164,217,1,0,153,1,2.9,1,2,3,0
41,1,3,139,181,0,1,177,1,1.2,2,0,2,1
58,1,1,125,241,0,1,164,0,0.3,0,0,2,1
40,1,1,113,230,0,1,164,0,0.5,2,0,2,1
77,1,0,127,327,0,0,158,1,0.0,2,3,2,0
47,0,2,120,260,0,1,136,0,0.5,2,0,2,1
71,0,0,106,137,0,1,122,0,1.9,1,0,2,1
38,1,0,115,222,0,1,129,0,0.7,1,0,3,0
61,0,1,178,320,0,1,155,1,0.2,2,0,2,1
54,1,0,146,239,0,1,107,1,0.0,2,0,3,1
56,1,0,145,279,0,0,106,1,1.0,2,1,1,0
57,0,1,135,302,1,0,148,0,0.2,2,2,2,0
41,1,2,142,233,0,0,179,0,-0.0,2,0,2,1
56,0,3,147,295,0,0,164,0,1.5,1,0,2,1
61,1,0,149,284,0,0,135,1,2.8,1,2,3,0
59,1,2,148,125,1,1,169,0,0.2,2,1,3,1
47,1,1,116,213,0,1,163,0,-0.0,2,3,2,1
49,1,0,156,223,0,0,131,0,2.6,1,0,3,0
58,1,0,101,215,0,1,159,0,0.5,2,3,3,0
51,0,1,135,293,0,1,166,0,0.6,1,0,2,1
54,0,0,123,270,0,0,145,0,0.3,1,0,2,1
69,1,2,125,284,0,1,129,1,2.0,1,0,3,0
57,1,2,137,234,0,0,179,0,3.2,2,2,3,0
71,1,1,153,236,0,0,150,0,0.2,2,0,2,1
54,0,1,138,259,0,0,179,0,1.2,1,0,2,1
41,0,2,116,241,0,1,158,0,0.9,1,1,2,1
54,1,0,123,257,0,0,115,1,2.2,1,1,3,0
58,1,0,144,279,0,0,106,1,1.0,1,1,1,0
50,1,2,123,187,0,1,155,0,0.1,2,0,2,1
59,1,0,112,351,0,1,143,1,3.3,1,1,3,0
59,1,2,157,232,0,0,173,0,1.3,2,0,3,1
55,0,2,108,253,0,0,175,0,0.0,2,0,2,1
64,1,0,139,250,0,0,129,0,3.1,1,1,3,0
54,1,0,126,338,0,1,126,1,1.3,1,1,3,0
54,1,1,136,239,0,1,156,0,0.1,2,0,2,1
50,1,3,123,247,0,0,178,0,0.4,1,0,2,1
53,1,2,147,212,0,0,165,0,1.6,2,0,3,1
42,0,2,125,145,1,1,166,0,0.8,1,0,2,1
38,1,2,135,183,0,1,155,0,0.0,2,0,3,1
43,1,2,130,331,0,1,162,0,1.9,2,1,2,1
53,1,0,104,278,0,1,126,1,2.8,1,1,3,0
55,1,3,114,215,0,0,188,0,0.2,1,0,1,1
45,1,0,112,171,0,0,162,0,0.0,2,0,3,0
45,1,0,146,243,0,1,172,0,1.4,2,2,2,1
42,0,0,126,317,1,0,148,1,3.5,1,0,3,0
62,1,0,173,311,0,0,159,0,0.0,1,0,3,0
52,1,0,127,211,0,1,167,0,0.8,2,2,3,0
66,0,2,141,403,1,0,156,0,1.1,2,1,2,1
50,1,3,123,201,0,0,120,1,1.6,2,1,2,1
37,1,2,139,225,0,1,187,0,0.7,2,0,2,1
60,0,1,137,334,1,0,144,0,0.3,2,2,2,0
60,1,0,146,214,0,1,115,1,5.3,0,1,3,0
52,1,0,116,260,0,1,126,1,3.4,1,1,3,0
55,0,0,200,274,1,0,139,1,4.2,0,2,3,0
56,1,0,163,308,1,0,131,0,0.1,1,3,3,0
49,1,1,107,234,0,1,158,0,1.3,0,0,3,0
59,1,3,167,290,0,0,129,0,0.3,2,0,3,0
50,1,0,113,232,0,1,140,0,0.5,2,3,3,1
77,1,0,125,285,0,1,155,1,0.2,2,3,2,0
44,1,0,109,214,0,1,147,1,2.4,1,0,2,1
60,1,1,146,197,0,1,194,0,0.0,2,2,2,1
57,1,2,150,171,0,1,179,0,2.3,2,0,2,1
42,0,2,99,265,0,0,118,0,0.6,1,0,2,1
63,1,0,112,242,0,0,139,1,1.3,1,1,3,0
40,1,2,131,202,0,1,150,0,0.0,2,0,2,1
60,1,0,136,327,1,0,124,1,2.1,2,3,3,0
62,1,1,157,231,0,1,123,1,0.0,1,3,1,0
51,0,1,122,229,0,1,160,0,1.2,2,0,2,1
77,1,0,126,310,1,0,154,1,0.3,2,3,2,0
52,0,1,122,237,0,1,159,1,1.3,2,0,2,1
65,1,2,127,308,0,1,137,1,1.8,1,0,3,0
49,1,2,127,288,0,1,183,0,-0.0,2,0,2,1
40,1,1,121,210,0,0,188,0,0.2,2,0,2,1
56,1,2,132,171,0,1,163,1,0.3,2,0,3,1
40,1,2,118,229,0,1,176,0,0.2,2,0,2,1
62,1,0,174,322,0,0,142,1,3.9,0,0,3,0
39,0,0,133,169,0,1,186,0,1.4,2,0,2,1
59,0,2,145,251,0,0,166,0,0.0,2,0,2,1
57,1,3,189,279,0,0,157,0,0.0,1,0,3,0
58,1,0,117,236,1,1,158,1,2.0,2,2,3,0
69,1,0,142,207,1,1,136,0,3.4,1,2,3,0
58,0,1,129,235,0,0,174,0,0.2,1,1,2,0
64,0,2,141,403,1,0,157,0,1.2,2,1,2,1
56,1,0,134,344,0,1,130,1,0.9,1,1,3,0
64,1,0,180,317,0,0,142,1,3.7,0,0,3,0
61,0,2,135,272,0,1,92,0,1.4,1,1,3,0
54,1,2,128,199,1,0,167,0,1.5,0,0,2,1
52,1,3,158,310,1,1,178,0,1.7,1,0,3,1
53,1,2,121,224,0,0,123,1,1.8,2,1,2,1
61,1,0,136,176,0,0,125,1,3.7,1,1,2,0
34,1,3,114,206,0,1,164,0,0.0,1,0,2,1
62,1,0,140,230,0,0,124,0,2.7,1,1,3,0
56,1,2,144,156,0,1,168,0,1.7,2,0,2,1
63,1,0,136,166,0,0,149,1,4.7,2,2,3,0
54,1,3,119,197,0,0,169,0,1.5,1,0,3,1
53,1,0,102,243,0,1,157,0,0.0,2,1,2,0
66,1,0,142,234,0,0,133,0,2.3,1,2,3,0
64,0,1,140,171,0,1,185,0,0.0,2,2,2,1
67,0,0,158,249,0,0,107,0,1.2,1,1,3,0
55,1,2,128,278,0,0,151,0,1.1,1,0,3,1
58,1,0,167,166,1,0,87,0,1.1,1,2,2,0
71,0,2,109,450,0,0,163,0,1.8,1,0,3,1
47,1,0,131,232,1,0,158,1,0.0,2,2,1,0
55,1,2,153,125,1,1,175,1,0.1,2,0,3,1
54,1,0,144,247,0,0,121,0,2.6,1,0,3,0
46,1,0,120,261,0,0,134,0,0.6,2,0,3,0
64,1,0,109,176,0,1,150,0,0.7,2,0,3,1
44,1,0,117,198,0,0,173,1,0.0,0,1,2,0
59,1,0,137,281,0,0,185,0,0.0,2,0,2,1
63,1,0,117,191,0,0,129,1,0.1,2,1,2,0
65,1,3,170,231,0,0,160,0,1.3,1,0,3,1
43,0,2,93,215,0,1,179,0,0.3,2,0,2,1
60,0,2,120,186,1,1,101,0,0.4,2,1,2,1
54,1,1,138,194,0,1,167,0,1.0,2,1,2,1
65,1,0,115,254,0,0,156,0,0.6,2,2,1,0
52,1,1,138,201,1,1,184,0,0.3,2,0,2,1
61,0,2,111,318,0,0,174,0,0.0,2,0,2,1
47,1,0,106,263,0,0,164,0,0.1,2,0,2,1
56,1,0,127,183,1,1,148,1,0.8,1,0,0,0
39,0,2,126,231,0,1,181,0,0.2,1,0,2,1
56,1,1,155,209,0,0,170,0,0.0,2,1,2,0
60,1,0,153,218,0,1,101,1,2.7,1,1,2,0
61,0,2,128,177,0,1,164,0,0.0,2,0,2,1
48,1,2,98,227,0,1,142,0,1.0,1,0,2,1
53,1,3,114,181,0,0,190,0,0.0,1,0,1,1
65,1,0,114,240,0,0,98,1,1.8,0,0,2,0
56,1,1,127,227,1,1,181,0,0.0,1,0,2,1
53,1,2,122,344,0,1,168,0,0.1,2,0,2,1
41,1,0,154,233,0,1,176,0,0.0,2,0,3,0
62,1,0,135,184,0,1,157,1,0.2,2,1,3,0
40,1,2,125,166,0,1,149,0,0.0,2,0,2,1
52,1,0,125,201,0,0,177,0,0.9,2,2,3,0
55,1,2,114,270,0,1,94,1,2.2,1,2,3,0
55,1,2,127,254,1,0,169,0,0.1,2,3,2,1
67,1,0,138,170,0,1,116,1,2.8,0,0,3,0
59,1,1,116,276,0,0,98,0,1.6,1,1,3,0
72,1,0,145,194,0,1,111,1,2.8,0,0,3,0
66,1,2,147,353,0,1,157,0,0.2,2,0,2,0
76,0,1,164,315,0,1,147,0,1.1,2,2,2,1
60,1,0,142,225,0,1,165,0,0.0,1,1,3,0
44,1,0,122,209,0,0,186,0,-0.0,2,0,2,1
61,1,3,175,237,0,0,179,0,0.7,1,0,3,1
41,0,2,92,223,0,1,180,0,0.0,2,0,2,1
46,1,0,108,281,0,0,162,0,0.0,2,1,2,0
68,1,3,161,214,1,0,128,0,0.5,1,1,2,1
53,1,1,123,232,0,1,178,0,0.0,0,0,2,1
57,1,0,177,317,0,0,140,1,3.9,0,0,3,0
44,1,2,139,249,0,0,186,0,0.3,2,0,2,1
63,1,3,151,229,1,0,147,0,1.7,0,0,1,1
59,1,0,135,209,0,0,147,1,2.3,1,3,3,0
55,1,0,120,193,0,1,114,0,1.3,1,1,3,0
43,1,0,114,184,0,1,147,0,0.3,2,0,3,1
57,1,0,138,237,0,1,110,1,5.3,0,0,3,0
50,1,0,106,241,0,1,126,1,2.2,1,1,3,0
47,1,0,159,247,0,0,133,0,2.1,1,0,3,0
57,0,0,130,303,0,1,166,0,0.2,2,1,2,1
77,0,2,115,280,1,0,124,0,0.3,2,1,2,1
60,0,0,104,263,0,0,108,0,1.0,1,0,2,1
43,1,1,115,161,0,1,184,0,0.0,2,0,2,1
69,1,2,165,281,0,1,118,1,2.8,1,1,3,0
58,1,0,135,346,0,0,127,1,1.5,1,1,3,0
59,1,0,165,291,0,0,144,1,1.1,1,1,3,0
59,0,0,177,232,0,1,140,1,0.1,1,0,2,0
60,1,0,175,292,0,0,136,1,3.5,1,0,3,0
48,1,0,116,209,0,1,146,0,-0.0,2,0,2,1
52,0,2,118,202,0,1,159,1,2.1,1,0,2,1
44,1,0,132,302,0,1,128,1,1.5,1,0,1,0
58,1,0,135,204,0,0,138,1,2.8,1,2,3,0
55,1,0,145,212,0,1,104,0,2.6,1,1,3,0
40,1,3,151,245,0,0,188,0,1.3,2,2,2,1
77,0,2,141,200,0,2,110,0,1.5,1,2,2,1
43,1,1,122,252,0,1,168,0,0.1,2,0,3,1
46,1,2,144,165,0,0,162,1,2.1,0,0,2,1
51,0,2,125,228,0,0,123,0,0.0,2,0,0,1
55,1,2,146,181,0,0,172,0,0.0,2,0,2,1
46,1,2,124,252,1,1,182,0,0.0,2,2,2,1
52,1,3,147,307,1,1,167,0,1.0,1,0,3,1
52,1,0,136,283,0,1,120,1,4.3,1,3,2,0
56,1,0,136,266,0,1,162,0,1.5,2,0,2,1
61,1,0,130,221,0,0,142,1,2.9,1,2,3,0
55,1,0,111,253,0,0,126,1,3.4,1,1,3,0
56,0,2,99,217,0,1,154,0,1.7,1,0,2,1
63,0,0,127,327,0,0,169,0,0.3,2,0,2,0
42,0,2,116,217,0,1,169,0,0.8,2,0,2,1
56,0,0,154,253,0,1,118,1,0.0,1,0,3,0
61,0,0,137,268,0,0,170,0,4.1,0,2,2,0
54,1,0,124,242,0,1,96,1,1.9,1,0,3,0
52,1,0,152,191,0,1,114,1,5.6,0,0,3,0
58,1,0,129,215,0,0,127,1,2.5,1,2,3,0
66,1,0,99,284,0,0,118,1,0.6,1,2,2,0
60,1,0,133,216,0,0,138,1,1.9,1,3,3,0
46,1,2,130,250,0,1,175,0,0.2,2,0,2,1
59,0,0,200,271,1,0,129,1,4.3,0,2,3,0
40,1,0,121,176,0,1,158,1,2.3,0,1,1,0
40,1,2,130,168,0,1,151,0,0.0,1,0,2,1
48,0,2,124,200,0,0,167,0,0.6,1,0,2,1
63,1,0,116,285,0,0,161,0,0.7,1,0,2,1
44,1,0,99,183,0,0,136,1,3.3,1,0,2,1
52,1,2,97,228,0,1,152,1,1.3,1,0,2,1
63,0,2,154,269,0,1,157,0,0.8,2,0,2,1
56,1,0,152,286,0,1,87,1,0.9,1,1,3,0
67,1,0,90,273,0,0,132,1,0.7,1,2,2,0
40,1,3,120,266,0,1,172,1,3.6,1,0,3,0
62,1,2,137,156,0,0,143,0,3.0,1,0,2,0
44,1,0,105,198,0,0,141,1,2.7,1,0,2,1
61,1,0,138,278,0,1,148,1,3.3,1,2,3,0
53,1,0,124,256,0,0,107,1,1.7,1,1,3,0
52,1,0,122,197,1,1,157,1,1.3,1,0,0,0
47,0,2,136,323,0,0,162,0,1.6,2,1,2,1
59,0,0,173,249,0,1,147,1,0.0,1,0,2,0
58,0,0,125,425,0,0,144,1,1.8,1,2,3,0
55,1,0,110,250,1,1,150,0,0.0,2,3,3,1
38,0,2,137,222,0,1,149,0,-0.0,1,0,2,1
57,1,0,180,305,0,0,135,1,3.2,0,0,3,0
40,0,2,115,224,0,1,163,0,0.4,2,0,2,1
53,1,3,121,190,0,0,179,0,0.3,1,0,1,1
50,1,1,130,250,0,1,156,0,0.3,2,0,2,1
55,1,2,131,266,1,0,141,1,0.4,1,1,1,0
59,1,0,173,242,0,1,138,1,0.0,1,0,2,0
57,1,0,127,275,1,0,150,1,0.9,1,1,2,0
62,1,3,124,236,0,1,136,0,2.8,1,1,2,0
63,1,3,173,229,0,0,150,0,0.6,1,0,3,1
60,1,0,150,282,0,0,142,1,3.1,1,2,3,0
54,1,0,143,202,0,1,113,1,5.0,0,0,3,0
69,1,2,155,272,0,1,110,1,3.0,1,1,3,0
58,1,1,129,229,0,0,160,0,0.5,2,0,3,1
61,1,0,130,265,0,0,146,0,1.1,1,1,3,0
45,1,0,132,256,1,0,155,1,0.3,2,2,3,0
64,0,0,143,327,0,1,127,0,0.1,2,0,3,1
58,1,0,107,194,0,0,137,1,1.1,1,1,3,0
59,0,0,129,285,1,1,107,0,1.3,1,3,2,0
65,0,0,160,156,0,0,142,0,6.0,0,3,3,0
50,1,2,132,259,0,1,177,0,0.3,2,0,2,1
42,1,0,108,206,0,0,180,0,0.0,2,1,2,0
52,0,2,128,284,0,1,153,0,0.6,2,0,2,1
41,1,0,141,310,0,0,149,1,0.0,1,3,3,0
58,1,0,130,205,0,0,138,1,2.4,1,2,3,0
61,0,2,142,264,0,0,176,0,0.0,2,0,2,1
66,0,2,162,277,0,1,190,0,0.0,2,1,2,1
48,1,2,130,267,0,0,155,0,-0.0,0,1,2,1
54,1,0,120,264,0,0,115,1,2.9,1,2,2,0
64,1,2,131,213,1,1,148,0,2.4,1,1,1,0
33,0,1,119,221,0,1,198,0,1.0,2,1,2,1
57,0,0,166,256,1,0,148,1,2.7,1,2,1,0
59,0,0,129,310,0,0,170,0,0.0,2,1,2,1
59,1,0,128,253,0,0,139,0,1.5,1,1,3,0
42,1,1,129,213,0,0,199,0,0.0,2,0,2,1
56,1,0,159,295,1,0,116,0,0.8,1,3,3,0
55,1,0,131,141,0,1,111,1,1.4,1,1,3,0
50,0,0,119,266,0,0,122,1,3.2,1,2,2,0
63,1,0,124,266,0,1,106,1,0.4,1,1,3,1
54,1,0,127,191,0,1,114,0,1.7,2,1,3,0
59,1,0,137,356,0,1,130,1,1.0,1,1,3,0
63,1,0,120,238,0,0,94,1,2.3,0,0,3,0
44,0,2,106,251,0,1,153,0,0.2,1,1,2,1
66,1,0,121,255,0,0,106,1,2.3,0,1,2,0
29,1,1,124,225,0,0,203,0,0.0,2,0,2,1
71,0,0,114,145,0,1,124,0,2.0,1,0,2,1
37,1,1,118,261,0,1,174,0,0.6,2,0,3,1
51,1,2,124,184,0,1,124,0,2.5,1,3,3,0
50,0,0,105,235,0,0,153,0,0.3,2,0,2,1
55,1,3,116,199,0,0,151,0,1.7,2,0,3,1
62,0,2,107,227,0,1,151,0,1.1,2,0,2,1
50,1,3,128,219,0,0,120,1,1.8,2,1,2,1
54,1,0,144,245,0,1,159,0,1.2,2,0,2,1
46,1,0,115,215,0,1,144,0,0.0,2,0,2,1
48,1,0,114,226,0,1,171,0,0.0,2,1,2,0
72,1,1,159,233,0,0,152,0,0.1,2,0,2,1
68,1,3,135,279,1,0,166,0,1.5,1,1,2,0
69,1,0,115,233,0,0,134,1,0.0,2,1,2,0
49,1,0,126,277,0,1,160,0,0.6,1,0,3,0
62,1,2,120,304,0,1,131,1,1.4,1,0,3,0
50,1,3,132,189,0,0,128,1,1.0,2,1,2,1
61,0,0,149,315,0,0,142,1,1.5,1,0,3,0
56,0,0,200,281,1,0,132,0,3.6,0,2,3,0
64,0,2,120,210,0,0,120,0,1.5,1,0,2,1
40,1,1,126,213,1,1,171,0,0.0,2,0,2,1
50,1,2,131,276,0,1,166,0,0.2,2,0,2,1
58,1,3,169,264,0,0,135,0,0.0,2,0,2,0
56,0,2,115,351,0,1,167,0,0.4,2,0,2,1
55,0,1,146,297,1,0,157,0,0.0,2,2,2,0
60,1,0,129,210,0,0,126,1,2.1,1,1,3,0
46,0,0,134,340,1,0,141,1,3.5,1,0,3,0
49,1,1,128,233,0,0,178,0,0.6,1,0,2,1
69,1,1,151,255,0,1,125,1,0.0,1,3,1,0
64,0,2,160,366,0,0,158,0,0.5,2,0,2,1
61,0,1,128,179,0,1,173,0,0.4,2,2,2,1
55,1,0,129,125,0,1,114,1,0.5,1,1,3,0
59,1,3,120,191,0,0,162,0,1.5,1,2,2,1
70,1,0,104,295,0,0,124,0,0.4,1,0,2,0
65,1,0,125,234,0,0,93,1,2.2,0,1,2,0
50,1,1,169,194,1,1,169,0,0.4,2,0,3,1
58,1,2,144,125,1,1,173,0,0.1,2,1,3,1
62,1,0,122,233,0,0,143,1,3.3,1,2,3,0
67,0,3,142,246,0,1,109,0,2.4,0,0,2,1
49,1,2,106,189,0,1,131,0,1.0,2,0,2,1
35,1,2,135,311,0,0,183,0,0.1,2,0,2,1
68,1,0,113,258,0,0,93,1,2.3,0,1,2,0
51,0,1,127,335,0,1,159,0,0.9,2,0,2,1
77,1,0,122,330,0,0,163,1,0.3,2,3,2,0
47,1,0,116,243,0,1,133,0,0.6,1,0,3,0
59,1,3,176,280,1,0,144,0,4.4,0,0,3,1
54,0,1,134,259,0,0,169,0,1.8,1,0,2,1
48,1,2,155,227,0,1,148,0,4.0,1,1,2,0
53,1,0,129,287,1,0,105,1,1.1,0,0,3,0
50,1,0,157,260,0,1,137,0,3.5,1,0,3,0
44,0,0,140,342,0,0,134,1,2.5,1,0,3,0
56,0,1,136,292,1,0,157,0,0.0,2,2,2,0
67,1,2,155,208,0,0,152,0,1.1,1,0,3,0
35,1,0,152,217,0,1,178,0,0.0,2,0,3,0
55,0,0,180,338,0,2,117,1,3.5,1,0,2,0
52,1,0,111,184,0,0,120,0,0.9,1,1,3,0
44,1,0,133,289,0,0,151,1,0.0,1,3,3,0
47,1,2,137,224,0,1,162,0,0.7,1,1,3,0
46,1,2,129,170,0,1,134,0,1.7,1,1,3,0
58,1,0,136,142,0,0,132,1,3.4,1,1,2,0
45,1,2,153,249,0,1,140,0,3.6,1,0,2,0
59,1,0,126,237,0,0,132,1,2.8,1,2,3,0
49,1,0,104,211,1,1,152,0,0.3,2,3,3,1
52,1,2,127,259,1,0,167,0,2.6,1,0,2,1
40,1,2,128,176,0,1,152,0,0.0,2,0,2,1
66,1,0,110,208,0,0,123,1,0.3,2,1,2,0
47,1,1,106,220,0,1,172,0,1.3,0,0,3,0
47,0,0,135,242,0,0,162,1,0.4,1,0,2,1
56,0,0,127,196,0,2,124,1,1.6,1,1,3,0
42,1,1,113,280,0,1,170,0,0.3,2,0,3,1
54,1,0,128,246,0,0,119,1,2.6,1,1,3,0
45,0,2,143,181,0,0,162,1,0.8,0,0,2,1
39,1,2,137,174,0,1,172,0,0.0,2,4,2,1
48,1,1,127,335,0,1,179,0,0.8,2,0,2,1
51,1,1,112,246,0,1,173,0,1.2,0,0,3,0
52,1,2,119,174,0,1,138,0,1.2,1,3,3,0
66,1,0,101,309,0,0,130,1,0.8,1,2,2,0
48,1,0,117,281,1,0,145,1,0.0,2,2,3,0
37,0,1,99,186,0,1,169,0,0.2,2,1,2,1
59,0,0,131,299,0,0,163,0,0.0,2,1,2,1
60,1,2,144,235,1,1,145,1,0.6,1,0,2,1
60,1,0,137,191,0,0,146,0,1.8,1,2,1,0
63,0,0,166,193,0,0,145,0,5.9,0,3,3,0
58,1,0,163,273,1,0,127,0,1.3,1,0,3,0
53,1,0,129,205,1,1,157,1,0.9,1,2,0,0
61,1,2,145,235,0,1,144,1,0.9,1,0,2,1
55,1,0,102,232,0,1,130,1,2.4,1,1,3,0
37,1,2,141,305,0,0,177,0,0.5,2,0,2,1
61,0,0,166,166,0,0,138,0,6.2,0,3,3,0
61,1,0,143,262,0,0,188,0,0.0,2,0,2,1
52,0,0,134,276,0,0,142,0,0.6,1,0,2,1
68,1,0,139,351,0,0,104,0,2.6,1,3,2,0
44,0,2,118,130,0,1,169,0,0.9,1,0,2,1
45,1,3,148,250,0,0,176,0,0.5,2,2,2,1
57,1,2,154,165,0,1,170,0,1.7,2,0,2,1
52,0,0,117,260,0,0,149,0,0.8,1,0,2,1
61,0,1,139,286,0,0,151,0,1.3,1,0,2,1
66,1,0,108,194,0,0,126,1,0.0,0,1,3,0
48,1,0,124,222,0,0,139,0,0.9,1,0,3,0
62,1,3,140,301,1,0,175,0,1.3,1,1,3,0
69,1,0,126,306,0,0,105,0,1.9,1,3,2,0
57,1,0,168,216,1,0,144,1,3.4,1,2,1,0
59,1,0,129,352,0,1,119,1,1.0,1,1,3,0
57,0,1,131,329,0,1,164,0,1.1,2,0,2,1
62,0,0,171,281,0,1,149,1,0.0,1,0,2,0
69,1,0,146,177,0,1,120,1,2.4,0,0,3,0
61,1,0,113,273,0,1,145,1,2.9,1,1,3,0
69,1,0,119,264,0,1,93,1,2.5,1,2,3,0
50,1,2,106,176,0,1,132,0,0.6,2,0,2,1
43,1,2,136,231,0,0,176,0,0.2,2,0,2,1
59,1,0,128,246,0,0,152,1,2.3,1,1,3,0
43,1,2,116,262,1,1,189,0,1.0,0,0,3,1
53,1,1,133,357,0,1,158,0,1.3,2,0,2,1
50,1,3,116,263,0,1,127,0,1.6,1,0,3,0
60,0,0,159,158,0,0,140,0,6.2,0,3,3,0
52,1,3,130,228,0,0,123,1,1.5,2,1,2,1
55,0,2,108,243,0,0,168,0,0.0,2,0,2,1
55,0,2,149,125,1,1,172,0,0.3,2,1,2,1
46,0,0,123,308,0,1,150,1,1.6,1,0,3,0
70,1,3,139,276,1,0,173,0,1.8,1,1,2,0
50,1,3,126,217,0,0,118,1,1.1,2,1,2,1
52,1,0,126,217,1,1,153,1,1.0,1,0,0,0
48,1,1,114,158,0,1,127,0,0.3,1,0,2,1
61,0,0,132,319,0,0,174,1,0.3,0,0,2,0
65,1,0,108,170,0,1,150,0,0.7,2,0,3,1
52,0,1,125,209,1,1,184,0,-0.0,2,0,2,1
63,1,0,138,171,0,0,141,1,2.9,2,2,3,0
46,1,0,116,261,0,0,184,0,0.0,2,0,2,1
45,0,2,121,226,0,1,159,0,0.6,1,0,2,1
70,1,0,141,199,0,1,145,0,3.6,1,2,3,0
53,1,3,137,219,0,0,119,1,0.2,2,0,3,1
59,0,0,126,202,0,1,131,0,0.5,1,0,2,1
65,0,0,99,261,0,1,157,1,2.4,1,2,2,0
77,0,2,142,201,0,2,120,0,1.7,1,0,2,1
65,1,0,131,261,0,1,93,1,0.8,1,1,3,1
54,0,2,137,263,0,0,155,0,0.4,2,0,2,1
57,0,1,136,249,0,0,156,0,1.2,1,0,2,1
52,0,2,129,266,0,0,155,0,1.2,2,0,2,1
58,1,0,145,193,0,0,125,0,2.0,1,2,1,0
49,1,2,119,205,0,1,141,0,2.1,1,3,3,0
57,1,2,149,142,1,1,175,0,0.2,2,1,3,1
44,1,2,117,154,0,1,183,0,0.0,2,0,2,1
47,0,3,115,145,0,1,135,0,0.0,1,0,2,1
50,1,0,112,230,1,1,151,0,0.1,2,3,3,1
33,1,0,126,296,0,0,143,1,0.1,2,0,3,0
43,1,2,136,227,1,1,180,1,0.3,2,0,2,1
62,0,3,150,225,0,1,113,0,2.8,0,0,2,1
69,0,2,153,287,0,1,148,0,0.5,1,1,2,1
48,1,0,145,221,0,0,121,1,0.9,1,0,3,0
62,0,0,136,330,0,0,166,1,0.1,2,0,2,0
68,1,0,163,296,0,1,113,1,1.4,1,3,2,0
49,1,0,122,243,1,0,157,1,0.2,2,2,3,0
57,1,3,119,196,0,0,176,0,2.0,1,0,3,1
40,1,2,129,245,1,1,196,0,1.0,0,0,3,1
43,0,2,114,237,0,1,149,0,0.5,1,1,2,1
47,1,0,112,330,0,1,173,0,0.0,2,0,2,1
50,1,2,110,197,0,1,119,0,0.6,2,0,2,1
44,1,0,149,306,0,0,146,1,0.2,1,3,3,0
51,1,0,128,227,0,1,166,0,1.2,2,2,3,0
46,0,0,138,210,0,0,146,0,0.0,1,0,2,1
54,0,2,136,193,0,0,168,0,0.0,1,0,2,1
61,1,0,135,252,0,1,139,1,1.7,2,1,3,0
51,0,0,110,237,0,0,153,0,0.0,2,0,2,1
62,0,0,138,286,1,1,106,0,2.0,1,3,2,0
69,1,3,174,220,0,0,154,0,0.7,1,0,3,1
55,1,2,143,221,1,0,152,0,1.9,2,0,3,1
38,0,2,140,207,0,1,166,0,0.5,1,0,2,1
60,1,0,138,276,0,0,136,1,2.9,1,2,3,0
65,1,2,134,281,0,1,100,0,0.9,1,1,3,0
56,1,0,169,210,0,1,165,0,0.6,2,0,3,1
66,0,0,143,401,0,0,153,0,4.2,1,3,3,0
51,1,0,105,232,0,1,118,0,2.9,1,1,3,0
52,1,0,167,267,0,1,136,1,0.4,1,1,3,0
52,1,0,114,262,0,1,150,1,0.4,2,1,3,0
67,1,0,143,188,0,1,129,1,2.3,0,0,3,0
44,1,0,121,242,0,0,185,0,0.0,2,0,2,1
56,1,2,152,129,1,1,175,0,0.3,2,1,3,1
52,1,0,143,219,1,0,146,1,3.8,0,3,3,0
58,1,3,181,273,0,0,136,0,4.4,0,0,3,1
50,1,3,109,187,0,0,184,0,-0.0,1,1,1,1
70,1,2,154,241,0,0,155,0,0.3,1,0,3,0
54,0,0,114,251,0,0,154,0,0.3,2,0,2,1
56,1,1,121,226,0,1,165,0,0.4,0,0,2,1
41,0,1,122,340,0,1,160,0,0.2,2,0,2,1
52,1,0,124,284,0,1,92,1,2.3,1,2,3,0
70,1,0,136,301,0,0,107,0,2.6,1,0,2,0
61,0,2,164,351,0,0,157,0,0.4,2,0,2,1
45,0,1,111,153,0,1,148,0,-0.0,1,0,2,1
61,1,0,143,159,0,0,131,1,4.2,1,1,2,0
40,1,0,125,221,0,1,135,0,0.8,1,0,3,0
48,1,2,105,247,0,1,147,0,0.0,2,2,2,0
53,1,2,149,223,0,0,168,0,1.1,2,0,3,1
40,1,2,134,334,0,0,190,0,0.3,2,0,2,1
54,0,1,129,212,0,0,180,0,-0.0,1,1,2,0
40,0,0,135,209,0,1,135,0,0.5,1,0,2,1
59,1,0,140,295,0,0,186,0,0.6,1,2,3,0
65,1,2,145,205,0,0,154,1,0.5,1,0,2,0
60,1,0,140,288,0,0,142,1,2.2,1,1,3,0
62,1,0,123,228,0,1,139,1,2.1,2,1,3,0
55,1,2,110,222,0,1,137,1,2.6,1,1,3,0
56,1,0,109,206,0,0,142,1,0.9,1,1,3,0
59,1,2,153,246,1,1,138,1,0.9,1,0,2,1
45,0,0,133,284,0,1,174,0,0.1,2,0,2,1
53,1,0,102,231,1,1,147,0,0.4,2,3,3,1
48,1,2,106,259,0,1,162,0,0.3,2,0,2,0
55,1,0,132,197,0,0,103,1,1.8,1,1,1,0
48,0,1,128,238,0,1,158,0,1.2,2,0,2,1
39,1,2,143,178,0,0,168,0,0.4,2,4,2,1
57,1,3,158,265,0,0,130,0,0.0,2,0,2,0
54,0,0,186,330,0,2,116,1,4.1,1,0,2,0
60,1,0,144,198,0,0,111,0,1.7,1,1,3,0
62,1,0,121,255,0,0,103,1,2.1,0,1,2,0
55,0,2,101,289,0,0,180,0,0.3,2,0,2,1
42,1,2,136,319,0,0,180,0,0.9,1,0,2,1
35,0,2,118,248,0,0,171,1,0.4,2,0,2,1
64,1,0,114,247,0,0,163,0,0.6,2,2,1,0
45,1,0,109,232,0,0,191,0,0.0,2,0,2,1
47,1,2,156,240,0,1,152,0,2.9,1,0,1,0
59,0,3,152,304,0,0,170,0,1.2,2,0,3,1
36,1,2,136,265,0,1,177,0,3.6,0,0,2,1
41,1,0,152,231,0,1,188,0,0.0,2,0,3,0
58,1,0,130,206,0,0,135,1,2.6,1,2,3,0
72,1,2,113,289,0,1,153,0,1.6,2,1,3,1
41,0,2,110,246,0,1,150,0,0.5,1,1,2,1
60,1,0,138,220,0,1,166,1,0.5,2,0,3,1
68,0,2,119,212,0,0,120,0,1.0,1,0,2,1
62,1,0,156,223,0,0,157,0,0.0,2,1,3,0
52,0,2,168,208,0,1,162,0,0.0,2,1,2,1
55,0,2,135,319,1,1,164,0,0.1,2,0,2,1
45,1,2,147,219,0,0,186,0,0.8,2,0,2,1
50,1,2,128,269,0,0,157,0,2.7,1,0,2,1
58,0,0,99,231,0,0,123,0,1.6,1,0,2,1
60,1,0,151,222,0,0,102,0,1.8,1,1,3,0
55,0,2,134,301,0,0,131,0,1.3,2,1,2,1
63,1,0,118,266,0,0,100,0,2.7,0,1,2,0
42,1,3,116,208,0,1,172,0,0.5,2,0,2,1
40,1,2,125,225,0,1,176,0,0.4,2,0,2,1
57,1,0,132,251,0,0,142,0,3.0,1,2,3,0
61,1,0,114,228,0,0,98,1,1.5,0,1,2,0
40,1,1,129,212,0,1,134,0,0.0,1,0,1,1
46,0,0,128,236,0,1,183,0,0.2,1,0,2,1
43,1,0,130,250,1,0,141,1,0.1,1,4,3,0
61,1,0,138,203,0,0,137,1,2.1,2,1,3,0
51,1,0,140,300,0,1,168,1,1.8,2,0,3,0
65,0,0,180,259,1,1,167,1,0.9,1,2,3,0
60,0,0,151,274,0,0,160,0,1.8,1,2,3,0
44,1,0,117,182,0,0,128,1,3.0,1,0,3,0
54,1,0,140,294,0,1,174,1,1.9,2,1,3,0
59,0,0,149,263,0,0,164,0,2.5,1,2,3,0
66,0,0,147,223,0,0,111,0,1.2,1,3,3,0
49,1,2,130,184,0,1,166,0,0.1,2,0,2,1
64,1,0,122,148,0,1,135,0,0.0,2,0,2,1
39,1,1,115,305,0,1,167,0,0.4,2,0,2,1
53,0,1,132,339,0,1,177,0,0.8,2,0,2,1
62,1,1,141,243,0,1,153,1,0.6,2,0,2,1
60,0,0,114,194,0,1,161,0,0.6,2,0,2,1
53,1,2,140,207,0,1,161,0,0.1,2,4,2,1
51,1,3,129,210,0,1,130,1,1.8,2,0,2,1
51,1,0,125,222,1,1,170,1,1.7,1,1,0,0
66,1,3,110,220,0,0,137,1,2.8,1,0,2,1
59,1,0,135,313,0,0,162,0,0.1,2,2,3,0
56,1,0,136,215,0,0,139,1,2.3,1,2,3,0
39,0,1,129,319,0,1,158,0,0.0,1,0,2,1
60,1,0,150,272,0,1,87,1,1.2,1,1,3,0
75,1,0,126,289,0,1,164,1,0.0,2,3,2,0
50,1,2,106,222,0,1,144,1,1.0,2,0,2,1
49,0,2,137,317,0,1,146,0,1.7,2,1,2,1
66,1,0,149,187,0,1,155,0,0.5,2,1,3,0
57,1,0,136,177,1,1,159,0,-0.0,2,1,3,0
64,0,2,142,272,0,0,151,0,0.2,1,1,2,1
65,0,2,106,300,0,1,166,0,0.0,2,1,2,1
55,0,0,180,329,0,1,123,1,3.9,1,0,2,0
61,1,0,132,244,0,0,95,1,2.2,0,1,2,0
55,1,1,107,216,0,0,159,0,2.1,1,3,3,0
34,1,0,122,201,0,1,137,1,0.6,1,0,3,0
63,1,1,126,273,0,0,109,0,1.3,1,1,3,0
42,0,0,107,187,0,0,144,1,2.9,1,0,2,1
60,0,0,157,251,0,1,156,1,2.0,1,0,2,0
51,1,0,121,230,1,1,157,0,1.0,2,3,2,1
56,0,2,117,176,1,1,100,0,0.4,2,0,2,1
44,0,1,105,192,1,1,168,0,0.0,2,0,3,1
55,0,0,124,197,0,2,129,1,1.6,1,1,3,0
63,0,0,144,431,0,0,160,0,1.0,1,0,2,1
38,0,0,117,206,0,1,141,1,1.6,2,0,3,0
55,1,0,128,202,0,1,122,0,0.6,1,1,3,0
58,1,3,134,222,0,1,167,0,0.7,2,2,2,0
32,1,1,136,200,0,0,205,0,0.5,2,0,2,1
53,1,3,157,294,1,1,191,0,1.2,1,0,3,1
63,1,0,144,252,0,0,150,1,2.1,1,2,3,0
49,0,2,122,244,0,1,149,0,0.8,1,1,2,1
62,1,0,129,306,1,0,130,1,2.1,2,3,3,0
66,0,0,112,278,0,0,163,1,2.1,1,2,2,0
52,1,0,109,230,0,1,166,0,0.1,0,1,2,0
53,0,0,137,244,0,0,160,0,0.0,2,0,2,1
69,1,2,176,268,1,0,156,1,1.7,1,0,3,0
44,1,1,104,221,1,1,161,0,0.0,2,0,3,1
44,1,2,115,235,0,1,165,0,0.0,2,0,2,1
58,1,0,122,247,0,1,164,0,1.0,1,0,3,1
53,1,0,116,262,0,0,124,1,2.9,1,2,2,0
59,1,0,136,317,0,0,163,0,1.1,1,2,3,0
65,0,2,165,346,1,0,161,0,0.9,2,0,2,1
55,1,0,110,201,0,0,96,1,0.0,1,1,2,0
54,1,2,120,186,1,0,144,0,1.3,0,0,2,1
47,0,1,118,157,0,1,143,0,0.0,1,0,2,1
50,1,2,143,239,0,1,135,0,4.0,1,0,2,0
61,1,1,124,275,0,0,161,0,1.9,1,0,2,0
60,0,0,117,187,0,1,164,0,0.6,2,0,3,1
62,1,3,156,255,0,0,121,0,0.0,2,0,2,0
64,0,2,162,275,0,1,139,0,0.5,2,0,2,1
66,0,2,150,271,0,1,174,0,0.3,2,1,2,1
43,1,0,119,277,0,0,148,0,0.1,2,1,2,0
45,1,1,120,205,0,1,174,0,-0.0,2,0,2,1
57,1,0,136,207,0,1,162,0,0.1,2,0,3,1
70,1,2,119,292,0,1,151,0,1.9,2,1,3,1
59,0,1,129,314,1,0,139,0,0.0,2,2,2,0
57,0,0,181,313,0,2,120,1,3.4,1,0,2,0
62,1,2,142,217,0,1,143,0,1.4,2,0,2,1
49,1,0,134,210,1,0,161,1,3.1,0,0,3,0
60,0,0,147,313,0,0,152,1,1.1,1,0,3,0
61,1,0,148,168,0,1,188,0,1.3,2,0,2,1
44,0,1,131,192,0,0,171,0,1.2,2,0,2,1
37,1,2,131,256,0,1,180,0,3.8,0,0,2,1
61,1,0,125,233,0,0,135,1,2.2,1,2,3,0
74,1,2,160,255,0,1,117,1,3.0,1,1,3,0
45,0,1,103,185,0,0,175,0,0.0,2,0,2,1
63,1,2,145,164,0,0,163,0,3.2,1,0,2,0
66,0,2,137,409,1,0,146,0,0.5,2,0,2,1
49,1,0,114,211,0,1,165,0,0.2,2,0,2,0
42,1,1,126,316,0,0,176,0,0.0,2,0,2,1
39,0,2,121,195,0,1,161,0,0.1,2,0,2,1
45,1,0,122,290,0,0,150,0,0.0,2,1,2,0
62,0,2,141,312,0,1,138,0,0.0,2,0,3,1
63,0,0,143,409,0,0,157,0,3.8,1,3,3,0
48,0,2,138,163,0,0,169,1,2.2,0,0,2,1
51,1,0,119,233,0,1,169,0,0.1,2,1,2,0
65,0,2,124,207,1,1,93,0,0.3,2,0,2,1
58,1,1,123,331,0,1,185,0,0.3,2,0,2,1
53,1,0,168,301,1,0,132,0,0.5,1,1,3,0
51,1,0,134,295,0,1,130,1,3.8,2,3,3,0
44,1,0,102,203,0,0,145,1,3.1,2,0,2,1
44,1,0,117,310,0,1,186,0,0.7,1,0,2,1
58,1,0,129,272,0,0,129,1,2.9,1,2,3,0
61,1,3,106,193,0,0,147,1,1.9,1,0,2,1
71,1,0,131,337,0,0,110,0,2.3,2,3,2,0
64,0,2,146,421,1,0,156,0,0.8,2,1,2,1
54,1,0,159,281,0,1,95,1,1.1,1,0,3,0
49,1,0,132,232,0,0,189,1,0.5,2,0,2,1
59,0,0,166,244,0,1,153,1,-0.0,1,0,2,0
59,1,0,113,191,0,0,108,1,0.5,1,1,2,0
59,0,2,118,187,1,1,90,0,0.0,2,0,3,1
45,1,3,141,196,0,0,151,1,1.6,0,0,2,1
66,1,3,97,224,0,0,142,1,2.1,1,0,2,1
53,1,0,122,272,1,0,126,1,3.0,1,2,3,0
49,1,0,130,234,1,0,155,1,-0.0,2,2,3,0
60,0,0,143,332,0,0,150,1,0.8,1,0,3,0
58,1,2,128,201,0,0,173,0,3.6,2,2,3,0
64,0,2,122,252,0,1,97,0,0.8,1,1,3,0
64,1,2,124,322,0,1,127,1,1.8,1,0,3,0
43,0,2,115,215,0,1,150,0,0.6,1,1,2,1
58,1,1,112,256,0,0,152,0,2.0,1,0,2,0
49,1,0,109,273,0,1,119,1,1.3,1,1,2,0
52,0,2,107,257,0,0,158,0,0.3,2,0,2,1
57,0,0,129,273,0,0,153,0,0.1,1,0,2,1
65,1,0,120,249,0,1,90,1,2.3,1,2,3,0
70,1,3,166,240,1,1,131,0,0.8,1,1,2,1
56,1,0,152,271,0,0,108,1,0.5,1,1,1,0
42,0,3,108,268,0,1,128,0,0.7,1,0,3,0
34,1,1,120,173,0,1,172,0,0.0,2,1,2,1
54,1,1,132,213,1,1,182,0,0.0,1,0,2,1
58,1,2,126,230,0,0,153,0,0.7,1,1,3,0
63,1,0,128,292,0,1,104,1,0.0,1,1,3,1
55,1,3,111,178,0,0,174,0,0.4,1,0,1,1
58,1,0,134,230,0,1,146,1,1.7,2,1,3,0
53,1,0,112,231,1,1,142,0,0.6,2,3,3,1
40,1,1,111,240,0,1,147,0,-0.0,2,0,2,1
57,1,0,140,273,0,0,172,0,0.8,1,2,3,0
57,1,2,103,221,0,0,165,0,2.5,1,1,3,0
59,1,0,116,229,1,1,151,1,1.2,2,2,3,0
32,1,1,125,181,0,1,179,0,0.2,1,0,2,1
61,1,1,125,269,0,0,112,0,1.5,1,1,3,0
52,1,2,144,253,0,0,178,0,2.5,2,0,3,1
49,1,0,122,263,0,0,169,0,0.5,1,0,3,0
58,1,3,173,263,0,0,150,0,4.2,0,0,3,1
62,1,0,153,229,0,0,148,0,2.2,1,2,1,0
41,1,2,114,227,0,1,166,0,0.0,2,0,2,1
41,1,0,115,181,0,1,134,1,2.9,1,0,1,0
65,0,2,117,220,0,0,112,0,1.5,1,0,2,1
42,1,0,106,284,0,0,165,0,0.4,2,1,2,0
53,1,0,111,185,0,1,124,0,1.6,1,1,3,0
56,1,0,130,249,1,0,142,1,1.4,1,1,2,0
64,0,3,143,227,0,1,115,0,2.5,0,0,2,1
64,1,3,171,259,0,0,156,1,4.4,0,0,3,1
53,1,2,117,269,0,0,163,0,0.5,0,1,2,1
58,0,0,167,259,0,1,148,1,-0.0,1,0,2,0
69,0,2,158,307,0,1,178,0,0.0,2,1,2,1
51,1,3,113,204,0,0,179,0,0.3,1,0,1,1
62,1,0,121,288,0,0,157,0,0.1,1,0,2,1
44,1,0,136,322,0,0,146,1,-0.0,1,1,3,0
38,1,0,123,200,0,1,125,1,1.4,1,0,3,0
59,0,2,109,278,0,0,175,0,0.5,2,0,2,1
49,1,0,115,239,0,1,157,0,0.0,2,0,3,0
57,0,0,125,306,0,0,158,0,0.6,2,1,2,1
42,0,0,131,351,1,0,135,1,3.3,1,0,3,0
71,1,0,109,234,0,1,70,0,1.0,1,0,2,0
44,1,0,118,178,0,1,151,1,3.0,0,0,1,0
44,0,0,123,239,0,1,158,0,0.3,1,0,2,1
77,0,2,142,203,0,2,119,0,0.3,1,0,2,1
57,0,0,119,313,0,0,161,0,-0.0,2,1,2,1
53,1,2,151,125,1,1,179,0,0.7,2,1,3,1
63,0,0,130,307,0,1,124,0,2.0,1,2,2,1
60,1,0,169,183,1,2,93,0,1.2,1,2,1,0
73,0,2,120,283,1,0,133,0,0.3,2,1,2,1
58,1,2,153,176,0,1,170,0,1.4,2,0,2,1
57,0,2,103,312,0,1,165,0,0.0,2,0,2,1
39,0,2,98,125,0,1,170,0,0.7,1,0,2,1
52,0,1,119,243,0,1,151,0,1.2,2,0,2,1
55,1,1,130,216,0,0,166,0,0.3,2,0,3,1
51,1,0,151,175,0,0,132,1,0.9,1,0,3,0
45,1,1,137,259,0,1,178,0,1.4,2,0,2,1
70,1,0,127,312,0,0,105,0,2.1,1,3,2,0
42,0,1,130,318,0,1,164,0,0.2,2,0,2,1
39,1,1,130,205,0,1,180,0,0.0,2,0,2,1
36,1,0,117,226,0,1,146,0,0.8,1,0,3,0
57,0,0,96,255,0,0,129,0,1.6,1,0,2,1
60,0,0,171,239,0,1,141,1,0.0,1,0,2,0
58,1,0,117,267,1,1,157,1,1.2,2,2,3,0
49,0,2,133,297,0,0,140,0,1.6,2,1,2,1
68,1,0,123,186,0,1,138,0,1.0,2,0,3,1
77,0,1,125,259,0,0,124,1,0.5,2,1,2,1
59,1,2,150,146,1,1,179,0,0.6,2,1,3,1
59,1,3,154,205,1,1,171,0,2.1,2,0,2,1
69,0,2,125,199,0,0,121,0,1.6,1,0,2,1
68,1,0,118,228,0,1,70,0,0.1,1,0,2,0
76,1,0,138,317,0,0,161,1,0.0,2,3,2,0
64,1,2,126,302,0,1,134,1,1.3,1,0,3,0
55,1,0,133,205,1,1,154,1,0.8,1,0,0,0
67,1,2,153,211,0,0,152,0,0.1,1,0,3,0
68,0,3,157,238,0,0,123,0,0.0,1,1,2,1
43,1,0,135,317,0,1,125,1,1.6,1,3,1,0
42,1,1,133,202,0,0,163,0,2.5,1,0,2,1
58,1,2,122,201,0,0,152,0,0.4,1,1,3,0
66,0,2,139,399,1,0,157,0,1.1,2,1,2,1
61,1,3,105,203,0,0,142,1,1.3,1,0,2,1
42,1,3,150,239,0,0,183,0,0.6,2,2,2,1
58,1,2,126,224,0,0,142,0,0.5,1,1,3,0
48,1,0,136,308,0,1,128,1,4.0,2,2,1,0
38,1,3,116,196,0,0,163,0,0.3,2,0,2,1
59,1,3,135,265,0,1,146,1,1.9,1,0,3,0
40,0,2,134,217,0,0,158,0,0.1,1,0,2,1
64,0,0,138,232,0,0,113,0,0.4,1,3,3,0
74,0,1,157,295,0,1,165,0,0.6,2,0,2,1
51,1,2,145,262,0,0,155,0,0.3,1,0,2,1
59,0,3,150,278,1,0,156,0,1.1,2,0,2,1
59,1,0,154,190,0,0,173,0,0.0,2,1,3,0
48,1,0,120,288,0,0,176,0,0.0,1,0,3,0
43,1,2,142,213,0,0,171,0,0.4,2,0,2,1
39,0,0,107,281,0,0,129,0,0.9,1,0,2,1
60,0,0,151,255,0,0,154,1,2.5,1,1,3,0
47,1,0,109,211,0,0,152,1,3.6,1,0,2,1
61,1,3,171,210,0,0,164,0,0.1,2,0,3,1
58,1,1,110,269,0,1,183,0,1.0,2,0,2,1
43,1,2,132,199,0,0,165,0,2.4,1,0,2,1
54,1,1,191,264,0,0,204,0,0.0,2,1,3,0
45,1,1,125,237,0,0,186,0,0.3,2,0,2,1
43,1,1,133,306,0,1,159,0,0.0,2,0,2,1
47,1,2,122,174,0,0,154,0,2.3,1,2,3,0
47,1,1,110,206,1,1,159,0,0.5,2,0,3,1
54,1,2,128,242,0,0,147,0,0.5,1,1,3,0
63,1,2,159,274,0,0,113,0,0.4,2,0,2,0
61,1,2,140,233,0,0,166,0,0.0,2,0,2,1
48,1,0,113,269,0,0,185,0,0.1,2,0,2,1
39,0,2,109,128,0,1,171,0,0.8,1,0,2,1
66,1,3,112,212,0,0,143,1,1.8,1,0,2,1
68,1,0,123,297,0,0,159,0,0.5,1,0,2,1
47,1,2,123,256,0,1,190,0,0.0,2,2,2,1
60,1,0,125,253,0,1,102,1,2.3,1,2,3,0
58,0,1,149,324,0,0,143,0,1.6,1,0,2,1
44,1,0,123,159,0,1,137,0,3.3,0,0,1,0
61,1,1,146,227,0,1,179,1,0.3,2,0,2,1
61,1,0,133,281,0,0,183,0,0.7,2,0,2,1
60,1,0,162,340,0,0,141,1,3.8,0,0,3,0
62,1,0,123,333,1,0,145,1,2.1,2,3,3,0
55,1,1,189,283,0,0,196,0,0.0,2,1,3,0
62,1,2,122,236,1,1,134,0,2.0,1,1,1,0
45,1,0,149,241,0,1,168,0,0.0,2,0,3,0
45,1,1,124,256,0,1,162,0,0.5,2,0,3,1
64,0,2,157,289,0,1,152,0,0.9,2,0,2,1
41,1,1,99,210,0,0,163,0,-0.0,2,1,2,1
68,1,0,158,226,0,0,134,0,2.4,2,0,1,1
45,1,0,134,329,0,1,118,1,1.9,1,2,3,0
63,0,0,138,378,0,0,152,0,1.3,1,0,2,1
45,1,1,108,240,0,1,144,0,0.0,2,0,2,1
64,1,0,118,224,1,1,163,1,1.0,1,2,3,0
55,1,0,111,194,0,1,111,0,1.3,1,1,3,0
38,0,1,117,219,0,1,189,0,0.2,2,0,2,1
55,0,0,136,200,0,2,136,0,1.8,1,1,3,0
75,1,0,120,308,0,0,159,1,0.3,2,3,3,0
44,1,1,120,144,0,1,186,0,1.2,2,0,2,1
34,0,0,143,159,0,1,181,0,1.4,2,0,2,1
68,1,1,152,239,0,0,150,0,0.1,2,0,2,1
52,1,2,118,268,0,0,151,0,0.6,1,0,3,1
64,0,2,142,416,1,0,162,0,0.9,2,1,2,1
50,0,0,145,256,0,0,166,0,0.0,2,0,2,1
51,1,1,131,255,0,1,168,0,0.3,1,0,2,1
54,0,0,90,225,0,0,131,0,1.2,1,0,2,1
64,1,0,131,241,0,0,117,0,2.3,1,1,3,0
51,1,0,152,252,0,0,123,0,2.8,1,0,3,0
54,0,1,137,309,1,0,160,0,1.5,1,0,2,1
49,1,2,97,210,0,1,156,1,0.4,2,1,3,1
60,1,1,120,244,0,1,167,0,0.0,0,0,2,1
43,1,1,130,223,0,1,136,0,0.0,1,0,1,1
58,0,2,144,347,0,1,137,0,0.8,2,0,3,1
51,1,0,122,209,1,1,154,1,1.4,1,0,0,0
61,1,0,139,185,1,0,145,1,4.0,2,2,3,0
61,1,0,108,307,0,2,134,0,4.4,0,3,1,0
50,1,2,120,189,0,1,142,0,1.9,1,3,3,0
48,1,1,130,282,0,1,171,0,0.9,2,0,2,1
64,1,2,163,380,0,0,152,0,-0.0,2,0,2,1
60,1,0,138,238,0,1,151,0,0.4,1,0,3,1
51,1,1,151,237,0,1,166,0,0.0,2,4,2,1
59,1,2,151,165,0,1,167,0,1.3,2,3,2,1
43,0,2,127,197,0,1,174,0,0.5,1,0,2,1
59,0,0,122,204,0,1,171,0,0.1,2,0,2,1
59,1,1,155,219,0,0,183,0,-0.0,2,1,2,0
48,0,2,117,206,0,1,164,0,0.9,1,0,2,1
65,1,2,126,295,0,1,123,1,1.8,1,0,3,0
46,1,0,118,258,0,0,176,0,0.0,1,0,2,1
40,0,2,132,215,0,1,163,0,-0.0,1,0,2,1
62,1,0,137,245,0,0,117,0,2.9,1,1,3,0
77,1,0,125,315,0,0,165,1,0.0,2,3,2,0
65,0,0,185,341,0,1,157,1,0.2,2,0,2,1
41,0,2,114,251,0,0,179,1,0.1,0,0,2,1
42,0,1,103,191,0,1,177,0,0.3,2,1,2,1
42,1,0,145,303,0,1,120,1,2.6,1,0,1,0
65,1,1,164,276,0,0,109,1,1.4,1,3,2,0
55,1,1,119,237,0,1,164,0,0.0,0,0,2,1
42,1,2,124,214,0,1,172,0,0.0,2,0,2,1
41,1,0,120,299,0,1,188,0,1.5,1,1,2,1
51,0,2,102,245,0,0,171,0,0.0,2,0,2,1
69,1,2,153,235,0,0,150,0,0.9,1,0,3,0
68,0,0,109,236,0,1,147,0,0.7,2,2,2,1
67,0,2,103,252,1,0,131,0,0.0,2,1,2,1
68,1,0,131,304,0,0,107,0,2.3,1,3,2,0
44,0,2,124,199,0,1,184,0,0.0,1,0,2,1
42,0,0,130,337,1,0,132,1,2.8,1,0,3,0
61,1,3,179,288,0,0,161,0,3.7,0,0,3,1
40,0,1,133,282,0,1,163,0,0.4,2,0,2,1
55,0,0,145,268,0,0,165,0,0.0,2,0,2,1
56,1,1,190,278,0,0,194,0,0.1,2,1,3,0
38,1,1,111,253,0,1,149,0,0.0,2,0,2,1
70,0,3,155,208,0,0,110,0,3.7,0,0,2,1
63,0,0,142,307,0,1,142,0,0.1,2,0,3,1
61,0,2,108,294,0,1,165,0,0.5,2,1,2,1
67,1,2,117,292,0,1,146,0,1.1,2,1,2,1
64,0,2,146,377,1,0,154,0,0.8,2,1,2,1
54,0,3,195,300,0,0,140,1,3.8,0,2,3,0
50,1,2,111,130,0,0,131,0,1.1,2,0,2,0
37,1,0,108,278,0,0,154,0,-0.0,2,1,2,0
67,0,2,138,414,1,0,164,0,0.4,2,1,2,1
76,1,2,138,192,0,2,120,0,0.9,1,0,2,1
63,1,0,136,194,0,0,151,1,3.9,2,2,3,0
45,1,2,135,175,0,1,154,0,0.4,2,0,2,1
73,0,2,114,258,0,0,110,1,0.7,2,1,2,1
49,1,2,90,227,0,1,149,1,0.0,2,1,3,1
68,1,0,161,278,0,0,108,1,1.6,1,3,3,0
50,1,0,117,300,0,0,123,1,3.2,1,2,2,0
60,0,2,149,349,0,1,132,0,0.7,2,0,3,1
58,1,3,145,268,0,0,108,0,0.5,2,0,3,0
55,1,0,110,241,0,1,105,1,3.2,1,1,3,0
46,1,2,129,237,0,1,171,1,0.5,2,0,2,1
68,0,0,100,217,0,1,134,0,0.7,2,2,2,1
63,0,0,181,329,0,1,152,1,0.1,2,0,2,1
71,1,2,152,245,0,1,112,1,2.6,1,1,3,0
54,1,0,127,187,0,1,121,0,1.4,1,1,3,0
39,1,0,121,246,0,1,126,0,1.2,1,0,3,0
56,1,2,101,265,0,0,151,1,0.6,1,0,3,1
61,1,0,140,225,0,0,139,1,2.0,2,1,3,0
65,1,0,134,251,0,1,161,0,2.6,1,2,2,0
52,0,1,136,272,1,0,166,1,0.3,2,1,1,1
48,1,2,136,232,0,1,173,0,0.7,1,1,3,0
56,1,2,131,261,1,0,142,1,0.6,1,1,1,0
47,0,1,147,239,0,1,155,0,0.3,1,0,2,1
46,1,2,154,241,0,1,153,0,3.9,1,0,2,0
55,1,0,140,207,0,1,110,1,6.0,0,0,3,0
64,1,3,116,231,0,0,137,1,2.2,1,0,2,1
55,0,1,145,325,0,0,161,0,0.8,1,0,2,1
66,1,0,105,209,0,0,122,1,0.0,2,1,2,0
46,1,2,135,248,0,0,175,0,1.2,2,1,2,1
57,0,1,128,228,0,0,171,0,0.0,1,1,2,0
42,0,2,90,190,0,1,174,0,0.5,2,0,2,1
74,1,0,136,316,0,0,161,1,0.0,2,3,2,0
46,0,1,131,256,0,0,184,0,0.2,1,0,2,1
56,1,2,116,186,0,0,158,0,2.3,1,0,2,1
64,0,0,148,257,0,1,157,1,1.2,1,3,2,0
60,1,2,136,177,0,0,163,0,2.6,1,0,2,0
29,1,1,126,206,0,0,205,0,0.0,2,0,2,1
52,1,1,107,171,0,1,132,0,0.7,2,0,2,1
60,1,3,162,300,0,0,150,0,-0.0,1,0,3,0
55,0,1,130,299,1,0,151,1,0.3,2,1,2,1
52,0,2,139,286,1,1,161,0,0.0,2,0,2,1
59,0,0,174,225,1,0,151,1,2.4,1,2,1,0
69,1,0,159,230,0,0,140,0,2.4,2,0,1,1
46,1,3,119,273,0,1,137,0,1.1,1,0,3,0
53,1,0,133,395,0,0,148,1,1.4,1,2,3,0
50,1,3,149,289,1,1,179,0,1.3,1,0,3,1
66,1,3,134,305,0,0,174,0,1.7,1,1,2,0
64,1,0,125,224,0,1,139,1,4.0,1,1,3,0
60,1,0,102,241,0,1,153,0,0.3,2,1,3,0
55,1,0,167,292,0,0,140,1,0.8,1,1,3,0
59,0,3,177,252,0,0,134,0,4.5,2,0,3,1
58,0,0,143,270,0,0,186,0,0.6,2,0,2,1
52,1,1,113,309,0,1,157,0,0.7,2,0,3,1
50,0,2,118,267,0,0,157,0,0.1,2,0,2,1
51,0,0,130,271,0,0,144,0,0.0,1,0,2,1
50,1,0,147,222,0,0,138,1,0.7,1,0,3,0
48,1,2,111,144,0,0,150,0,0.8,2,3,2,0
54,1,1,131,223,0,0,178,0,0.0,2,0,3,1
56,1,0,133,254,0,1,117,1,3.1,1,1,3,0
69,0,3,138,231,0,1,156,0,2.3,2,2,2,1
34,1,3,120,173,0,0,173,0,0.1,2,0,2,1
52,1,3,153,291,1,1,172,0,1.4,1,0,3,1
39,1,1,109,223,0,1,164,0,0.5,2,0,2,1
49,0,0,131,273,0,1,160,0,0.4,2,0,2,1
38,0,2,138,208,0,1,156,0,0.0,1,0,3,1
70,1,2,160,274,0,1,103,1,2.8,1,1,3,0
71,1,2,106,203,0,0,114,0,1.1,1,0,2,1
58,0,0,127,413,0,0,154,1,2.0,1,2,3,0
70,0,2,113,244,1,0,115,0,0.6,2,1,2,1
59,1,1,126,276,0,0,102,0,1.4,1,1,3,0
53,0,0,135,422,0,0,159,1,2.2,1,2,3,0
51,0,0,129,239,0,1,168,0,0.1,2,0,2,1
59,1,3,173,259,0,0,158,0,0.0,1,0,3,1
61,0,2,107,322,0,1,165,0,0.1,2,1,2,1
60,1,0,145,275,0,0,140,1,2.8,1,2,3,0
57,1,2,134,225,1,0,136,0,2.2,1,1,1,0
62,1,0,127,284,0,1,105,1,1.2,1,2,3,0
40,1,2,130,301,0,1,162,0,1.8,2,0,2,1
58,1,0,158,278,0,0,110,1,0.4,1,1,1,0
57,1,2,136,214,0,0,182,0,2.7,2,2,3,0
58,1,2,136,236,1,0,169,0,0.4,2,0,2,1
57,1,0,133,302,1,0,102,1,1.0,1,0,3,0
55,1,0,122,273,0,0,108,1,2.8,1,2,2,0
55,1,0,159,248,0,0,144,1,1.5,1,1,3,0
44,1,0,122,296,0,0,168,0,0.0,1,1,2,0
63,0,2,126,336,0,1,175,0,0.3,2,0,2,1
56,1,0,119,291,0,0,165,0,0.0,2,2,3,0
68,1,2,176,283,1,0,159,0,1.6,1,0,3,0
57,1,1,130,219,0,1,149,0,0.1,1,4,3,1
36,1,2,123,213,0,0,171,0,1.8,1,0,2,1
53,1,1,126,229,1,1,190,0,0.6,2,0,2,1
60,1,0,112,214,0,1,127,1,1.9,1,0,1,1
52,0,2,124,211,0,1,117,0,0.2,2,0,0,1
55,1,2,131,194,0,0,145,0,0.0,1,1,3,0
62,1,3,149,242,1,0,154,0,2.4,0,0,1,1
44,1,0,115,275,0,0,149,0,0.7,2,1,2,0
38,1,2,110,266,0,1,178,0,0.6,2,0,2,1
67,1,2,142,249,0,0,147,1,1.7,1,3,3,0
50,1,2,143,198,0,1,171,0,1.1,1,1,3,0
61,1,3,132,232,0,1,128,0,2.5,1,2,2,0
60,1,0,112,237,1,1,157,1,1.9,2,2,3,0
50,1,2,123,226,0,1,150,0,0.0,2,0,2,0
53,1,0,122,196,0,1,104,0,1.3,1,1,3,0
65,1,0,139,265,0,0,117,0,3.1,1,1,3,0
60,1,3,126,199,0,1,168,0,0.4,2,2,2,0
50,1,3,147,284,1,1,171,0,1.3,1,0,3,1
66,0,0,158,253,0,1,153,1,1.0,1,0,2,0
64,1,0,111,257,0,0,154,0,0.8,2,2,1,0
54,0,0,176,333,0,2,114,1,3.5,1,0,2,0
65,1,0,149,204,0,1,161,0,0.0,2,1,3,0
66,0,1,141,196,0,1,171,0,0.0,2,2,2,1
57,1,0,127,245,1,0,149,1,0.7,1,1,2,0
54,1,1,126,270,0,0,170,0,1.7,1,0,2,0
57,1,0,131,137,0,1,111,1,1.5,1,1,3,0
60,0,0,131,342,0,0,182,0,0.2,2,0,2,0
62,1,2,114,297,0,1,152,0,1.4,2,1,3,1
56,1,3,126,183,0,0,162,0,2.3,1,0,3,1
60,1,1,158,242,0,0,164,0,0.3,2,1,2,0
69,1,2,143,226,0,0,151,0,0.8,1,0,3,0
36,1,2,130,258,0,1,192,0,3.8,0,0,2,1
38,1,0,143,236,0,1,165,1,0.3,2,0,3,0
51,1,2,131,279,1,1,184,0,0.0,2,2,2,1
40,0,2,112,223,0,1,172,0,0.0,1,0,2,1
62,0,0,141,400,0,0,156,0,4.1,1,3,3,0
45,1,3,106,230,0,1,126,0,1.0,1,0,3,0
61,1,3,181,276,0,0,150,0,4.4,0,0,3,1
53,1,1,191,259,0,0,199,0,0.3,2,1,3,0
69,1,0,126,229,0,0,121,1,3.0,1,2,3,0
60,1,2,119,195,1,1,132,0,2.0,1,1,1,0
53,1,2,120,243,1,0,167,0,2.2,1,0,2,1
61,1,2,150,175,0,1,174,0,2.3,2,0,2,1
47,0,2,142,187,0,0,163,1,1.3,0,0,2,1
59,0,0,171,214,1,0,139,1,3.3,1,2,1,0
40,0,2,131,232,0,1,144,0,0.0,1,0,2,1
62,1,0,132,332,0,0,170,0,0.2,2,0,2,0
57,1,2,157,133,1,1,178,0,0.3,2,1,3,1
58,1,2,98,329,0,1,162,0,0.2,2,1,2,1
49,1,1,134,244,0,1,147,0,0.2,2,0,2,1
56,0,2,119,266,0,1,88,0,0.5,1,1,3,0
42,0,1,105,222,0,1,172,0,0.1,2,1,2,1
55,0,1,130,261,0,0,161,0,1.8,1,0,2,1
60,1,3,131,217,0,1,162,0,1.2,2,2,2,0
54,0,0,157,201,0,1,159,0,0.0,2,1,2,1
57,0,0,165,222,1,0,148,1,2.5,1,2,1,0
51,1,2,134,232,1,0,162,0,0.6,2,3,2,1
45,1,0,110,251,0,0,185,0,0.4,2,0,2,1
54,1,0,113,233,0,1,130,1,2.6,1,1,3,0
54,1,1,128,194,1,1,187,0,0.1,2,0,2,1
55,1,2,152,227,0,0,163,0,1.7,2,0,3,1
66,1,0,128,290,0,0,146,0,0.7,1,0,2,1
46,0,0,123,271,0,1,160,0,0.4,2,0,2,1
45,1,1,126,293,0,0,163,0,0.7,1,3,2,1
45,1,2,136,328,0,1,162,0,1.8,2,1,2,1
54,1,0,139,259,0,1,185,1,0.5,2,1,2,1
48,0,1,113,204,0,1,181,0,0.6,2,0,2,1
58,1,3,172,265,0,0,150,0,4.8,0,0,2,1
40,1,0,154,224,0,0,184,0,0.0,1,0,3,0
60,1,0,138,232,0,1,162,0,0.4,1,0,3,1
44,1,2,129,331,0,1,164,0,1.5,2,1,2,1
44,1,3,125,330,0,1,163,1,2.0,2,1,2,1
68,1,2,144,243,0,0,146,0,2.0,1,3,3,0
52,1,2,131,198,1,0,166,0,1.0,0,0,2,1
58,1,0,108,180,0,1,127,1,1.1,1,0,1,1
41,0,1,131,220,0,0,169,0,1.1,2,0,2,1
57,1,1,137,201,0,1,161,1,0.0,2,0,2,1
58,0,0,127,212,0,1,164,0,0.3,2,0,0,1
41,1,0,133,233,0,1,183,0,0.4,2,0,2,1
52,1,0,157,213,0,0,126,1,1.2,1,0,3,0
55,0,0,136,264,0,0,138,0,0.1,2,0,3,1
53,1,0,131,284,0,0,141,1,1.1,1,0,3,0
47,0,0,126,247,0,1,169,0,-0.0,2,0,2,1
53,0,0,107,228,1,1,138,0,0.5,2,3,3,1
39,1,0,119,214,1,1,194,0,1.0,0,0,3,1
54,1,0,122,203,0,1,171,1,0.2,2,0,3,1
40,1,1,122,274,0,1,170,0,0.0,2,0,3,1
57,1,0,145,211,0,1,102,0,2.5,1,0,3,0
60,1,2,143,237,1,0,163,0,0.5,2,0,2,1
38,0,1,132,206,0,0,167,0,0.9,2,0,2,1
53,0,0,142,245,0,1,126,1,0.6,1,0,3,0
61,1,0,156,306,0,0,158,1,2.8,1,0,3,0
50,1,0,145,311,0,1,122,1,4.2,1,3,3,0
42,0,0,137,233,0,1,152,1,0.6,1,0,3,1
45,1,3,114,270,0,1,135,0,0.6,1,0,3,0
42,1,2,134,162,0,1,155,0,0.4,2,0,2,1
49,1,0,148,251,0,0,123,0,3.1,1,0,3,0
53,1,2,127,195,1,0,148,0,1.0,0,0,2,1
54,0,1,140,304,1,1,163,1,0.0,2,1,2,1
52,1,0,128,207,0,1,110,0,1.3,1,1,3,0
45,1,2,96,230,0,1,159,0,0.0,2,1,3,1
68,1,0,118,283,1,1,158,0,0.8,1,2,3,0
61,0,0,125,205,0,1,161,0,0.4,2,0,2,1
47,1,0,141,297,0,1,124,1,1.4,1,2,3,0
46,1,0,132,235,1,0,141,1,0.0,0,4,3,0
42,1,0,136,222,0,1,179,0,0.0,2,0,2,1
46,1,0,129,246,1,0,141,1,0.5,1,0,3,0
59,1,0,114,324,0,2,140,0,4.2,0,3,1,0
60,1,0,125,215,0,0,150,0,0.1,1,1,3,0
54,1,0,119,259,0,0,108,1,2.0,1,1,3,0
46,0,1,117,261,0,1,170,0,1.0,2,0,2,1
54,1,0,129,201,1,1,170,1,1.1,1,0,0,0
65,0,0,159,150,0,0,137,0,6.2,0,3,3,0
58,0,1,137,303,1,0,153,1,0.2,2,2,2,0
61,0,1,147,201,0,1,190,0,0.0,2,2,2,1
53,0,0,132,277,0,1,157,0,0.7,2,0,2,1
55,0,2,133,297,0,0,164,0,0.1,2,1,2,1
45,1,0,142,307,0,1,114,1,1.8,1,2,3,0
40,1,0,114,159,0,0,108,1,2.3,1,0,3,0
40,1,0,123,289,0,1,175,0,0.7,1,0,2,1
44,0,0,110,255,0,0,159,0,0.7,2,0,2,1
55,0,0,200,283,1,0,130,1,4.0,0,2,3,0
53,1,0,137,219,0,0,110,1,0.1,2,0,3,1
46,0,1,101,211,1,1,147,0,0.2,2,0,3,1
62,1,0,115,247,0,0,138,1,1.0,1,1,3,0
58,0,0,123,350,0,1,166,1,0.3,2,0,2,1
61,0,0,146,250,0,0,163,0,3.0,1,2,3,0
58,1,0,109,254,0,0,147,1,1.4,1,1,3,0
63,1,2,140,352,0,1,155,0,0.0,2,0,2,0
55,1,0,127,275,0,0,117,1,2.7,1,2,2,0
47,1,0,135,303,0,0,149,1,0.2,1,3,3,0
49,1,0,154,225,0,1,177,0,0.2,2,0,3,0
53,1,1,101,325,0,1,139,0,0.0,2,0,2,1
58,1,0,140,282,0,0,171,0,0.7,1,0,2,0
67,1,0,140,189,1,1,154,0,3.6,2,2,3,0
50,1,2,112,209,0,1,152,0,0.0,2,0,2,0
43,1,0,142,245,0,1,183,0,0.0,2,0,2,1
66,1,0,177,317,0,1,153,1,0.4,2,0,2,1
61,1,3,183,259,0,0,146,0,3.6,0,0,3,1
50,1,2,133,244,0,1,166,0,0.3,1,1,3,0
39,0,2,115,192,0,1,158,0,0.0,1,0,2,1
65,0,2,161,273,0,1,147,0,0.2,2,0,2,1
58,1,0,119,216,0,0,149,1,1.3,1,1,3,0
54,1,3,121,165,0,0,189,0,0.0,1,0,1,1
48,0,0,130,284,0,1,159,0,0.0,2,0,2,1
57,0,0,167,219,1,0,138,1,2.2,1,2,2,0
49,1,0,125,203,0,1,158,1,0.6,1,0,0,0
60,0,0,139,297,0,1,104,0,2.1,1,3,2,0
64,0,2,141,311,0,1,126,0,0.0,2,0,3,1
51,1,3,119,167,0,0,162,0,1.7,1,0,3,1
70,1,0,163,290,0,0,103,1,1.6,1,3,2,0
57,0,0,120,357,0,0,160,1,0.2,2,0,2,1
62,1,0,120,253,0,0,134,1,3.6,1,2,3,0
41,1,0,151,233,0,1,177,0,0.0,2,0,3,0
55,1,0,125,274,0,0,128,1,3.1,1,2,2,0
68,1,0,108,238,0,0,135,1,0.2,2,1,2,0
56,1,0,152,274,0,1,87,1,0.9,1,1,3,0
38,0,2,111,284,0,0,180,1,-0.0,2,0,2,1
60,0,1,134,175,0,1,187,0,0.5,2,2,2,1
65,1,2,151,228,0,0,157,0,0.4,1,0,3,0
53,1,1,127,231,0,1,180,0,0.1,0,0,2,1
56,1,0,137,274,0,0,181,0,0.1,2,0,2,1
39,1,2,120,230,0,1,188,0,0.7,0,0,3,1
66,1,0,134,286,0,1,125,0,1.8,1,2,2,1
47,1,2,119,173,0,1,145,0,1.8,1,3,3,0
60,1,0,135,274,0,0,139,1,3.3,1,1,3,0
58,0,0,194,316,1,0,134,1,4.3,2,2,3,0
57,1,0,119,284,0,0,115,1,3.5,1,2,2,0
56,1,2,144,280,1,1,159,0,0.3,2,0,2,1
53,0,2,163,213,0,1,156,0,0.3,2,1,2,1
70,0,2,148,264,0,0,156,0,0.0,1,1,2,1
64,0,0,145,235,0,1,153,1,1.6,1,0,2,0
42,1,0,113,212,0,1,156,0,-0.0,2,0,3,1
54,0,0,131,235,0,0,158,0,0.4,2,0,2,1
58,0,0,131,195,0,1,145,0,0.5,1,0,1,1
44,0,1,106,183,0,1,169,0,0.0,2,0,2,1
66,1,0,135,313,0,1,121,0,2.6,1,2,2,1
60,1,0,129,250,0,0,139,1,3.1,1,1,3,0
69,1,0,126,239,1,1,165,0,0.3,1,2,3,0
55,1,0,157,310,0,0,139,1,0.9,1,1,3,0
46,1,0,137,309,0,1,115,1,1.5,2,2,3,0
55,1,2,152,176,0,1,186,0,0.8,2,0,2,1
50,1,3,124,196,0,0,127,1,1.3,2,1,2,1
55,1,0,115,211,0,1,175,0,1.1,2,2,3,0
48,1,2,114,205,0,1,131,0,0.4,2,0,2,1
58,1,1,192,295,0,0,199,0,0.0,2,1,2,0
32,0,2,136,182,0,1,184,0,2.1,2,0,2,1
56,1,1,189,270,0,0,195,0,0.2,2,1,3,0
44,0,1,106,216,0,1,172,0,0.8,1,0,2,1
63,1,0,128,238,0,1,105,1,0.3,1,1,3,1
67,0,2,160,286,0,1,170,0,0.0,2,1,2,1
44,0,1,115,161,0,1,141,0,0.0,1,0,2,1
44,0,2,131,216,0,1,167,0,0.0,1,0,2,1
53,1,0,125,216,1,1,150,1,0.5,1,0,0,0
69,0,2,152,262,0,1,149,0,1.4,2,0,2,1
53,1,0,131,204,1,1,162,1,1.9,1,0,0,0
62,1,0,139,230,0,0,133,1,2.7,2,1,3,0
43,1,0,122,238,0,1,139,0,0.5,1,0,3,0
57,1,2,166,194,1,1,152,0,0.9,2,0,3,1
56,1,1,121,249,0,1,144,0,0.3,2,0,3,0
71,0,0,115,144,0,1,119,0,1.6,1,0,2,1
44,1,1,136,316,0,0,171,0,0.6,2,0,2,1
47,1,3,117,285,0,0,120,0,1.3,1,0,3,0
36,1,1,126,183,0,1,178,0,0.2,2,0,2,1
47,1,0,101,255,1,1,147,0,0.5,2,0,2,0
63,1,3,135,236,0,1,167,0,0.9,2,2,2,0
37,1,0,118,207,0,1,135,1,1.7,1,0,3,0
58,0,0,138,184,0,2,129,1,2.0,1,1,3,0
63,1,1,115,274,0,0,108,0,1.1,1,1,3,0
49,1,2,113,147,0,0,130,0,0.5,2,3,2,0
52,1,0,126,261,0,0,130,0,0.2,1,0,2,1
66,1,0,147,205,0,1,135,0,3.4,1,2,3,0
47,0,2,113,163,0,0,182,0,0.8,1,0,2,1
59,1,0,134,319,0,1,174,0,0.1,2,0,2,0
46,1,1,129,232,0,0,184,0,0.3,1,0,2,1
43,1,1,132,226,0,0,183,0,0.0,2,0,2,1
53,0,0,129,191,0,0,135,1,1.6,1,1,3,0
67,0,0,129,315,0,1,110,0,1.8,1,2,2,1
46,1,0,98,195,0,0,155,1,2.8,1,0,2,1
59,1,0,160,280,1,0,124,0,1.6,1,3,3,0
55,1,3,137,208,0,1,106,0,1.3,1,1,3,0
59,1,1,124,216,1,0,145,0,0.0,2,0,2,1
55,1,0,136,226,0,1,170,1,0.0,2,0,3,1
53,1,0,153,201,0,0,121,1,0.2,1,0,3,0
41,1,1,124,130,0,1,177,0,0.0,2,0,2,1
43,1,1,114,164,0,1,186,0,0.0,2,0,2,1
38,1,3,114,212,0,1,186,1,3.7,1,0,3,0
70,0,2,109,225,1,0,126,0,0.0,2,1,2,1
57,0,3,163,273,1,0,167,0,0.9,2,0,2,1
50,0,2,117,216,0,1,146,0,2.2,1,0,2,1
62,0,0,108,279,0,1,166,1,2.3,1,2,2,0
52,0,2,137,287,0,0,175,0,0.0,1,0,2,1
53,1,0,158,278,0,1,152,1,0.6,1,3,3,0
53,1,0,136,204,0,0,126,1,1.1,1,0,3,0
62,1,0,148,283,0,0,102,0,0.7,2,0,3,0
34,1,3,121,231,0,0,184,1,3.3,1,0,3,0
73,0,1,169,309,0,1,151,0,0.5,2,2,2,1
48,1,2,128,269,1,1,180,0,0.0,2,2,2,1
54,1,0,126,280,0,0,102,1,2.2,1,1,3,0
59,1,0,104,247,1,1,163,1,0.6,2,2,3,0
43,1,0,130,300,0,1,118,1,2.2,1,0,1,0
59,1,2,142,195,0,0,160,0,3.2,1,0,2,0
67,1,0,105,200,0,0,120,1,0.0,2,1,2,0
65,0,2,122,450,0,0,165,0,1.4,1,0,3,1
52,1,0,126,259,0,0,161,0,0.2,1,0,3,0
70,1,0,159,288,0,1,110,1,1.4,1,3,2,0
57,1,0,117,319,0,1,145,1,2.8,1,1,3,0
42,1,1,140,203,0,1,122,0,0.2,1,0,1,1
38,0,1,132,198,0,1,199,0,1.2,2,0,2,1
43,1,0,111,244,0,1,172,0,-0.0,2,0,3,1
70,0,1,157,305,0,1,158,0,0.5,2,2,2,1
44,0,1,111,143,0,1,136,0,0.0,1,0,2,1
66,1,2,151,263,0,1,130,1,1.3,1,0,2,1
72,1,2,111,272,0,1,134,0,0.8,2,1,3,1
52,1,0,144,315,0,1,115,1,4.1,1,3,3,0
55,1,2,146,225,1,1,164,0,1.6,2,0,2,1
42,1,0,136,203,0,1,177,0,0.1,2,0,2,1
77,0,2,132,199,0,0,114,0,1.0,1,0,2,1
44,1,1,125,301,0,1,158,0,0.0,2,0,2,1
54,1,1,115,328,0,1,156,0,0.2,2,0,2,1
63,0,2,138,329,0,1,139,0,0.0,2,0,3,1
53,1,1,134,254,0,1,160,0,0.4,2,0,2,1
67,1,0,97,297,0,0,125,1,1.3,1,2,1,0
54,0,2,113,268,0,0,156,0,0.0,2,0,2,1
61,0,2,143,246,0,1,156,0,0.1,1,1,2,1
51,1,2,122,258,0,0,158,0,0.2,1,0,3,1
44,1,0,137,267,1,0,150,1,0.0,1,4,3,0
54,0,0,131,301,0,0,156,0,0.3,2,1,2,1
55,0,2,110,273,0,0,167,0,0.0,2,0,2,1
37,1,1,114,189,0,1,168,0,0.6,2,0,2,1
49,1,2,128,188,0,1,165,0,0.4,2,0,2,1
68,1,0,142,168,0,1,130,1,2.9,0,0,3,0
60,1,0,125,253,0,0,130,1,3.1,1,2,3,0
52,1,2,99,220,0,1,140,1,1.3,2,0,2,1
61,0,3,153,257,0,1,175,0,1.7,2,0,2,1
70,0,0,114,163,0,1,135,0,1.6,1,0,2,1
44,1,1,113,204,0,0,183,0,0.1,2,0,2,1
60,1,0,137,183,0,0,151,1,3.8,2,2,3,0
50,0,2,141,176,0,0,162,0,0.0,1,0,2,1
51,1,0,120,273,0,1,95,1,2.0,1,0,3,0
53,1,3,116,177,0,0,181,0,0.0,1,0,1,1
49,1,1,116,330,0,1,172,0,0.6,2,0,2,1
61,1,0,126,258,0,0,139,1,2.4,1,1,3,0
65,1,0,120,238,0,1,110,1,1.8,1,2,3,0
60,1,0,137,201,0,1,152,0,0.5,1,0,1,1
55,0,0,138,183,0,1,133,0,0.5,1,0,2,1
57,0,0,92,235,0,0,122,0,1.0,1,0,2,1
60,0,1,144,246,0,1,176,0,0.8,2,0,2,1
56,0,3,147,268,1,0,169,0,1.3,2,0,3,1
60,1,3,162,277,0,0,113,0,0.7,2,0,1,0
54,0,1,147,280,1,0,159,0,1.6,1,0,2,1
39,1,1,113,237,0,1,151,0,0.1,2,0,2,1
39,1,2,111,142,0,1,186,0,0.0,2,0,2,1
58,1,2,128,271,0,0,149,0,0.0,1,1,3,1
44,0,1,107,162,0,1,143,0,0.0,1,0,2,1
56,0,0,126,197,0,1,147,0,0.0,2,0,2,1
63,1,2,151,223,0,1,157,0,1.7,2,0,2,1
42,1,0,116,199,0,0,180,0,0.1,2,1,2,0
40,1,0,112,303,0,0,165,0,0.0,2,1,2,0
64,1,0,114,209,0,0,129,1,1.9,1,0,1,1
74,0,1,120,278,0,0,118,0,-0.0,0,1,2,1
61,0,2,121,188,1,1,109,0,0.0,2,0,2,1
60,0,0,116,173,0,1,129,1,0.0,1,0,2,0
58,1,2,122,215,0,0,154,0,1.8,1,0,3,1
67,1,3,157,239,1,0,130,0,0.5,1,1,2,1
49,1,0,124,189,0,0,120,1,2.7,1,0,3,0
62,1,0,118,234,0,0,135,1,1.3,1,1,3,0
40,1,3,135,202,0,1,170,1,1.5,2,0,3,1
57,1,0,133,198,0,1,119,1,5.5,0,0,3,0
55,1,0,160,282,1,0,134,0,1.1,1,3,3,0
58,1,0,157,190,0,0,74,0,0.5,1,2,1,0
66,0,0,159,416,0,0,161,0,3.9,1,3,3,0
55,1,2,118,236,1,0,146,0,0.8,1,0,3,1
70,1,0,157,275,0,0,110,1,1.2,1,3,2,0
41,1,0,126,247,1,0,136,1,0.3,1,4,2,0
62,0,0,143,398,0,0,152,0,1.5,1,0,2,1
53,1,0,118,239,0,0,150,0,0.3,2,1,2,0
44,1,0,112,312,0,0,193,0,1.0,1,0,2,1
49,1,2,124,273,0,1,168,0,0.1,2,0,2,1
60,1,0,136,203,0,0,124,1,2.1,1,2,3,0
57,1,2,153,217,1,1,135,1,1.6,1,0,2,1
37,1,1,125,208,0,0,182,0,0.0,2,0,2,1
71,1,1,151,235,0,0,144,0,-0.0,2,0,2,1
70,1,2,112,289,0,1,155,0,1.1,2,1,3,1
67,1,0,115,207,0,0,122,1,0.3,2,1,2,0
74,0,0,111,174,0,1,134,0,1.8,2,0,2,1
57,0,0,127,365,0,1,158,1,0.6,2,0,2,1
73,1,0,115,241,0,0,117,1,2.4,1,3,3,0
61,1,0,125,263,0,0,133,0,1.3,1,1,3,0
51,1,0,111,286,0,0,122,1,0.8,1,1,3,0
47,1,1,129,308,0,1,179,0,-0.0,2,0,2,1
44,0,2,119,219,0,1,154,0,0.0,1,0,2,1
57,1,0,116,241,1,0,150,1,1.2,1,1,3,0
68,1,0,145,150,0,1,129,1,2.6,0,0,3,0
41,1,3,143,237,0,0,184,0,0.9,2,2,2,1
59,1,0,143,437,0,0,147,1,1.5,1,2,3,0
49,0,2,120,196,0,1,155,0,1.9,1,0,2,1
45,1,0,102,209,0,0,158,1,3.7,1,0,2,1
50,1,2,127,239,1,1,173,0,0.7,2,2,2,1
54,1,0,147,273,0,1,95,1,2.0,1,1,3,0
51,1,3,126,240,0,0,115,1,1.6,2,1,2,1
52,0,1,117,229,0,1,173,0,-0.0,0,0,2,1
54,0,2,115,280,0,0,147,0,0.7,2,0,2,1
35,0,0,143,196,0,1,189,0,1.4,2,0,2,1
50,1,2,130,242,0,1,178,0,0.0,2,0,2,1
66,1,0,111,249,0,0,161,0,0.8,2,2,1,0
57,1,0,132,223,0,0,125,1,2.1,2,1,3,0
43,0,0,116,242,1,1,184,0,0.3,0,0,3,1
43,1,0,154,233,0,1,170,0,2.0,2,0,2,1
52,1,3,122,185,0,0,177,0,2.0,1,0,3,1
56,1,0,155,265,0,1,88,1,0.4,2,1,3,0
59,0,0,131,410,0,0,143,1,2.1,1,2,3,0
58,0,1,120,228,0,1,152,0,0.7,1,4,3,1
67,1,2,96,319,0,1,126,1,1.7,1,2,2,0
52,1,2,110,198,0,1,122,0,1.2,2,0,2,1
57,1,0,132,205,0,0,130,1,2.4,1,2,3,0
68,0,0,102,217,0,0,149,0,0.7,2,2,2,1
58,0,2,133,276,0,0,162,0,2.2,1,0,2,1
40,0,1,135,193,0,0,172,0,1.4,2,0,2,1
44,0,1,122,246,0,0,174,0,1.1,1,0,2,1
48,1,0,117,209,0,1,174,0,1.4,0,0,3,0
57,0,0,120,176,1,1,102,0,0.0,2,0,2,1
63,0,2,151,287,0,0,143,0,0.5,1,1,2,1
45,1,0,138,323,0,0,146,1,0.0,1,3,3,0
52,1,0,137,340,0,1,135,1,1.2,1,1,3,0
52,1,0,142,217,0,1,161,0,2.1,2,0,2,1
41,1,3,132,184,0,1,184,1,1.2,2,0,3,1
70,0,0,121,133,0,1,126,0,1.8,1,0,2,1
56,1,0,151,210,0,1,113,0,2.3,1,1,3,0
36,1,2,119,234,0,1,179,0,4.3,2,0,2,1
63,1,3,135,272,0,1,141,0,2.4,1,2,2,0
52,1,0,129,189,0,1,165,0,1.1,2,2,3,0
74,0,2,145,190,0,2,119,0,0.8,1,0,2,1
51,1,0,125,280,0,0,169,0,0.9,1,0,3,0
54,1,0,132,197,0,0,106,1,2.4,1,1,1,0
50,1,0,133,350,0,1,132,1,1.2,1,1,3,0
54,0,2,142,196,0,0,170,0,0.1,1,0,2,1
53,1,3,145,310,1,1,175,0,1.9,1,0,3,1
65,1,0,124,264,0,1,102,1,0.1,1,1,3,1
69,1,0,124,241,0,1,74,0,1.1,1,0,2,0
56,1,0,137,222,0,1,158,0,1.8,2,0,2,1
64,1,1,138,257,0,0,141,0,1.8,1,3,3,0
65,0,2,146,415,1,0,153,0,1.0,2,1,2,1
65,1,0,116,241,0,1,75,0,1.6,1,1,2,0
41,1,1,148,247,0,0,183,0,0.0,2,0,2,1
54,1,2,91,211,0,1,150,1,0.0,2,4,2,1
56,1,0,139,289,0,0,113,1,2.3,1,1,3,0
57,0,1,121,250,0,1,151,0,0.6,2,0,3,0
43,1,0,125,256,0,0,154,0,1.3,1,0,3,0
40,1,1,130,220,0,0,170,0,1.7,1,0,2,1
55,1,0,120,262,0,0,107,1,2.4,1,1,3,0
41,1,2,138,226,0,0,187,0,0.6,2,0,2,1
54,1,1,132,240,1,0,180,0,0.1,2,3,2,1
62,1,0,165,173,0,0,148,0,6.1,0,3,3,0
64,0,2,101,317,0,1,156,0,-0.0,2,0,2,1
51,1,1,117,298,0,1,173,0,0.0,2,0,2,1
51,0,2,127,241,0,1,154,0,1.2,1,0,2,1
50,0,2,107,277,0,0,163,0,0.3,2,0,2,1
64,0,2,127,265,0,1,94,0,1.3,1,1,3,0
49,1,2,107,213,0,1,138,1,1.5,1,0,2,1
65,1,3,135,285,1,0,178,0,1.7,1,1,2,0
51,1,2,109,241,0,1,149,0,0.1,2,0,3,0
47,1,2,99,227,0,1,134,1,1.3,1,0,2,1
58,0,0,148,265,0,0,155,0,2.6,1,2,3,0
42,1,2,142,226,0,0,172,0,2.6,1,0,2,1
51,1,0,159,280,0,0,156,1,1.9,1,2,3,0
47,1,0,129,228,0,0,187,0,-0.0,2,0,2,1
61,1,2,147,264,1,1,129,1,1.3,1,0,2,1
57,1,0,135,125,0,1,103,1,0.9,1,1,3,0
49,0,2,121,220,0,1,166,0,2.1,1,0,2,1
45,0,1,106,192,0,1,191,0,0.7,2,1,2,1
52,1,0,155,239,0,0,126,0,2.3,1,0,3,0
69,1,2,188,274,1,0,152,1,2.3,1,0,3,0
39,1,2,139,339,0,0,181,0,1.1,2,0,2,1
49,1,0,142,186,0,0,118,1,0.5,1,0,3,0
50,1,0,162,232,0,0,119,0,3.0,1,2,3,0
53,1,2,105,160,0,1,123,0,0.4,2,0,2,1
64,0,0,128,332,0,0,173,0,0.0,2,0,2,0
55,1,0,156,302,0,1,94,1,0.5,1,1,3,0
48,0,1,129,244,0,1,163,0,1.0,2,0,2,1
48,1,0,117,311,0,0,116,1,1.1,1,1,2,0
42,1,0,145,246,0,1,165,0,1.9,2,0,2,1
56,1,1,118,231,0,1,173,0,0.3,0,0,2,1
62,0,0,149,235,0,1,152,1,1.5,1,1,2,0
53,0,2,163,192,0,1,150,0,0.5,2,1,2,1
61,0,0,141,262,0,0,165,0,3.5,0,2,2,0
60,1,0,156,310,0,0,100,1,0.0,1,1,1,0
68,0,2,164,337,0,0,154,0,0.8,2,0,2,1
43,1,0,122,179,1,0,121,1,3.1,1,0,3,0
66,1,0,115,197,0,0,122,0,0.6,2,1,2,0
64,1,2,124,298,0,1,133,1,1.5,1,0,3,0
63,0,0,155,227,0,1,157,1,1.3,1,0,2,0
45,0,2,143,274,0,0,161,1,0.6,1,0,2,1
47,0,1,93,202,0,1,179,0,0.5,2,0,2,1
56,1,0,113,190,0,1,162,0,2.3,1,0,3,1
43,0,1,104,168,0,1,130,0,0.0,1,0,2,1
50,0,2,112,254,0,0,160,0,0.3,2,0,2,1
41,1,2,124,202,0,0,174,0,2.6,1,0,2,1
57,0,0,116,353,0,1,174,0,0.8,2,0,2,1
57,1,1,125,265,0,0,165,0,1.7,1,0,2,0
51,1,0,148,246,0,0,182,1,0.4,2,0,2,1
70,1,0,133,309,1,0,176,0,1.6,1,1,2,0
56,0,0,143,414,0,0,139,1,2.2,1,2,3,0
52,1,0,145,216,0,1,151,0,0.7,1,1,3,0
47,1,0,118,260,0,0,141,0,1.2,2,0,3,0
57,0,0,172,220,1,0,149,1,2.6,1,2,1,0
66,1,0,98,333,0,0,126,1,0.4,1,0,2,0
59,0,0,123,299,0,0,158,0,0.0,2,1,2,1
65,0,0,135,327,0,0,171,0,0.3,2,0,2,0
44,1,0,109,219,0,0,146,1,3.2,1,1,2,1
63,1,2,147,241,1,0,154,0,2.2,0,0,1,1
63,1,0,102,288,0,0,128,1,0.5,1,2,2,0
33,1,3,113,191,0,0,179,0,0.5,2,0,2,1
43,1,2,128,217,0,0,165,0,1.6,1,0,2,1
61,0,0,145,259,0,0,150,0,2.8,1,2,3,0
40,1,2,138,310,0,0,187,0,0.5,2,0,2,1
54,1,1,125,262,0,1,145,0,0.2,2,0,2,1
62,1,2,122,311,0,1,126,1,1.6,1,0,3,0
41,1,1,131,230,0,0,189,0,0.2,2,0,2,1
54,1,0,129,258,0,0,126,1,3.3,1,2,3,0
47,0,0,114,246,0,0,158,0,0.0,2,0,2,1
60,1,0,126,248,0,1,102,1,0.5,1,1,3,1
59,1,0,157,256,0,1,167,1,0.8,1,0,2,0
49,0,3,125,258,0,1,164,0,1.2,2,0,2,1
61,0,2,155,288,0,1,160,0,0.4,2,0,2,1
62,0,0,136,298,1,1,102,0,2.1,1,3,2,0
59,1,2,129,199,1,1,136,0,2.2,1,1,1,0
62,0,0,151,225,0,1,152,1,1.5,1,0,2,0
53,0,0,164,218,0,0,137,1,2.6,1,2,1,0
64,1,2,125,298,0,1,132,1,1.9,1,0,3,0
61,1,0,148,188,0,1,154,0,0.0,2,1,3,0
59,1,0,140,175,0,1,153,1,0.7,2,1,3,0
50,0,2,129,258,0,1,132,0,0.4,2,0,2,1
73,1,2,138,221,0,0,140,0,1.7,1,3,3,0
38,1,2,140,180,0,1,170,0,0.5,2,4,2,1
62,0,0,143,428,0,0,157,0,3.8,1,3,3,0
30,0,1,115,188,0,1,189,0,0.8,2,0,2,1
46,0,1,134,290,0,1,169,0,0.0,1,4,2,1
76,1,2,139,197,0,1,104,0,1.1,1,0,2,1
55,1,3,122,175,0,0,162,0,1.8,1,0,3,1
65,0,2,130,252,0,0,164,0,0.0,2,0,2,1
46,1,0,123,200,0,0,125,1,2.0,1,0,3,0
37,1,0,114,196,0,1,143,0,1.2,1,0,3,0
43,0,2,138,183,0,0,148,1,1.3,0,0,2,1
53,1,0,126,191,0,0,140,1,2.3,1,3,3,0
42,1,0,101,205,0,0,167,0,0.0,2,0,3,1
51,0,1,134,266,1,1,164,1,-0.0,2,1,2,1
47,0,0,103,293,0,0,125,0,1.5,2,0,2,1
58,1,0,124,294,0,0,182,0,0.0,2,2,3,0
35,1,3,142,207,0,1,181,1,1.7,2,0,3,1
54,1,0,130,221,0,1,160,0,1.1,2,2,3,0
57,1,1,108,228,0,0,169,0,2.6,1,1,3,0
51,1,2,148,251,0,0,161,0,1.3,2,0,3,1
44,1,0,138,314,0,1,128,1,2.6,1,2,3,0
68,1,3,141,232,0,1,165,0,1.9,2,2,2,1
58,1,0,155,266,0,1,98,1,0.2,1,1,3,0
52,1,2,136,277,0,0,154,0,0.8,0,1,2,1
33,1,0,130,314,0,0,158,1,0.1,2,0,3,0
66,1,0,136,250,0,0,126,0,2.5,1,1,2,0
